Event Index,UTC Timestamp,UTC Date,Local Timestamp,Local Timezone,Local Date,Experiment ID,Experiment Version,Tree Node Key,Repeat Key,Schedule ID,Participant Public ID,Participant Private ID,Participant Starting Group,Participant Status,Participant Completion Code,Participant External Session ID,Participant Device Type,Participant Device,Participant OS,Participant Browser,Participant Monitor Size,Participant Viewport Size,Checkpoint,Task Name,Task Version,randomiser-81rl,checkpoint-ciwr,checkpoint-77l8,checkpoint-x76j,checkpoint-b2g1,checkpoint-5gtg,checkpoint-dxsu,checkpoint-w6lf,checkpoint-hoqr,checkpoint-miih,Spreadsheet,Spreadsheet Name,Spreadsheet Row,Trial Number,Screen Number,Screen Name,Zone Name,Zone Type,Reaction Time,Reaction Onset,Response Type,Response,Attempt,Correct,Incorrect,Dishonest,X Coordinate,Y Coordinate,Timed Out,randomise_blocks,randomise_trials,display,ANSWER,TextTypes,ShowProgressBar
1,1670832897345,12/12/2022 08:14:57,1670832893894,1,12/12/2022 09:14:53,89483,9,task-4t5w,,25868405,BLIND,7649913,,complete,,,computer,Desktop or Laptop,Windows 10,Firefox 107.0,1366x768,1366x643,Passed_Trials,AliceIntroVideos,12,DiagrammingOnly,,,,,,,Passed_Intro,Passed_Practice,Passed_Trials,AliceImmediateDiagrammingOnly,,,BEGIN TASK,,,,,,,,,,0,1,0,,,,,,,,,
2,1670833088354,12/12/2022 08:18:08,1670833084788,1,12/12/2022 09:18:04,89483,9,task-4t5w,,25868405,BLIND,7649913,,complete,,,computer,Desktop or Laptop,Windows 10,Firefox 107.0,1366x768,1366x643,Passed_Trials,AliceIntroVideos,12,DiagrammingOnly,,,,,,,Passed_Intro,Passed_Practice,Passed_Trials,AliceImmediateDiagrammingOnly,AliceImmediateDiagrammingOnly,1,1,1,Video,Zone1,content_video,186943,,,,,0,1,0,,,,,,AliceImmediateDiagrammingOnly,,,
3,1670833088417,12/12/2022 08:18:08,1670833084801,1,12/12/2022 09:18:04,89483,9,task-4t5w,,25868405,BLIND,7649913,,complete,,,computer,Desktop or Laptop,Windows 10,Firefox 107.0,1366x768,1366x643,Passed_Trials,AliceIntroVideos,12,DiagrammingOnly,,,,,,,Passed_Intro,Passed_Practice,Passed_Trials,AliceImmediateDiagrammingOnly,,,END TASK,,,,,190907,,,,,0,1,0,,,,,,,,,
1,1670832991758,12/12/2022 08:16:31,1670832991698,1,12/12/2022 09:16:31,89483,9,task-4t5w,,25868423,BLIND,7649918,,complete,,,computer,Desktop or Laptop,Windows 10,Chrome 108.0.0.0,1336x752,1336x648,Passed_Trials,AliceIntroVideos,12,DiagrammingOnly,,,,,,,Passed_Intro,Passed_Practice,Passed_Trials,AliceImmediateDiagrammingOnly,,,BEGIN TASK,,,,,,,,,,0,1,0,,,,,,,,,
2,1670833181993,12/12/2022 08:19:41,1670833181765,1,12/12/2022 09:19:41,89483,9,task-4t5w,,25868423,BLIND,7649918,,complete,,,computer,Desktop or Laptop,Windows 10,Chrome 108.0.0.0,1336x752,1320x648,Passed_Trials,AliceIntroVideos,12,DiagrammingOnly,,,,,,,Passed_Intro,Passed_Practice,Passed_Trials,AliceImmediateDiagrammingOnly,AliceImmediateDiagrammingOnly,1,1,1,Video,Zone1,content_video,185171,,,,,0,1,0,,,,,,AliceImmediateDiagrammingOnly,,,
3,1670833182107,12/12/2022 08:19:42,1670833181775,1,12/12/2022 09:19:41,89483,9,task-4t5w,,25868423,BLIND,7649918,,complete,,,computer,Desktop or Laptop,Windows 10,Chrome 108.0.0.0,1336x752,1320x648,Passed_Trials,AliceIntroVideos,12,DiagrammingOnly,,,,,,,Passed_Intro,Passed_Practice,Passed_Trials,AliceImmediateDiagrammingOnly,,,END TASK,,,,,190076,,,,,0,1,0,,,,,,,,,
1,1670833014831,12/12/2022 08:16:54,1670833015384,1,12/12/2022 09:16:55,89483,9,task-4t5w,,25868432,BLIND,7649917,,complete,,,computer,Desktop or Laptop,Windows 10,Edge 108.0.1462.46,1280x720,1233x601,Passed_Trials,AliceIntroVideos,12,DiagrammingOnly,,,,,,,Passed_Intro,Passed_Practice,Passed_Trials,AliceImmediateDiagrammingOnly,,,BEGIN TASK,,,,,,,,,,0,1,0,,,,,,,,,
2,1670833201762,12/12/2022 08:20:01,1670833202345,1,12/12/2022 09:20:02,89483,9,task-4t5w,,25868432,BLIND,7649917,,complete,,,computer,Desktop or Laptop,Windows 10,Edge 108.0.1462.46,1280x720,1233x601,Passed_Trials,AliceIntroVideos,12,DiagrammingOnly,,,,,,,Passed_Intro,Passed_Practice,Passed_Trials,AliceImmediateDiagrammingOnly,AliceImmediateDiagrammingOnly,1,1,1,Video,Zone1,content_video,185563.70000000298,,,,,0,1,0,,,,,,AliceImmediateDiagrammingOnly,,,
3,1670833201857,12/12/2022 08:20:01,1670833202355,1,12/12/2022 09:20:02,89483,9,task-4t5w,,25868432,BLIND,7649917,,complete,,,computer,Desktop or Laptop,Windows 10,Edge 108.0.1462.46,1280x720,1233x601,Passed_Trials,AliceIntroVideos,12,DiagrammingOnly,,,,,,,Passed_Intro,Passed_Practice,Passed_Trials,AliceImmediateDiagrammingOnly,,,END TASK,,,,,186971,,,,,0,1,0,,,,,,,,,
1,1670833055045,12/12/2022 08:17:35,1670833050630,1,12/12/2022 09:17:30,89483,9,task-4t5w,,25868440,BLIND,7649929,,complete,,,computer,Desktop or Laptop,Windows 10,Chrome 108.0.0.0,1536x864,1536x760,Passed_Trials,AliceIntroVideos,12,DiagrammingOnly,,,,,,,Passed_Intro,Passed_Practice,Passed_Trials,AliceImmediateDiagrammingOnly,,,BEGIN TASK,,,,,,,,,,0,1,0,,,,,,,,,
2,1670833243202,12/12/2022 08:20:43,1670833239392,1,12/12/2022 09:20:39,89483,9,task-4t5w,,25868440,BLIND,7649929,,complete,,,computer,Desktop or Laptop,Windows 10,Chrome 108.0.0.0,1536x864,1536x760,Passed_Trials,AliceIntroVideos,12,DiagrammingOnly,,,,,,,Passed_Intro,Passed_Practice,Passed_Trials,AliceImmediateDiagrammingOnly,AliceImmediateDiagrammingOnly,1,1,1,Video,Zone1,content_video,184972.5,,,,,0,1,0,,,,,,AliceImmediateDiagrammingOnly,,,
3,1670833243309,12/12/2022 08:20:43,1670833239398,1,12/12/2022 09:20:39,89483,9,task-4t5w,,25868440,BLIND,7649929,,complete,,,computer,Desktop or Laptop,Windows 10,Chrome 108.0.0.0,1536x864,1536x760,Passed_Trials,AliceIntroVideos,12,DiagrammingOnly,,,,,,,Passed_Intro,Passed_Practice,Passed_Trials,AliceImmediateDiagrammingOnly,,,END TASK,,,,,188768,,,,,0,1,0,,,,,,,,,
1,1670833178539,12/12/2022 08:19:38,1670833179175,1,12/12/2022 09:19:39,89483,9,task-4t5w,,25868454,BLIND,7649930,,complete,,,computer,Desktop or Laptop,Windows 10,Edge 108.0.1462.46,1280x720,1233x648,Passed_Trials,AliceIntroVideos,12,DiagrammingOnly,,,,,,,Passed_Intro,Passed_Practice,Passed_Trials,AliceImmediateDiagrammingOnly,,,BEGIN TASK,,,,,,,,,,0,1,0,,,,,,,,,
2,1670833250231,12/12/2022 08:20:50,1670833250891,1,12/12/2022 09:20:50,89483,9,task-4t5w,,25868454,BLIND,7649930,,complete,,,computer,Desktop or Laptop,Windows 10,Edge 108.0.1462.46,1280x720,1233x648,Passed_Trials,AliceIntroVideos,12,DiagrammingOnly,,,,,,,Passed_Intro,Passed_Practice,Passed_Trials,AliceImmediateDiagrammingOnly,,,BEGIN TASK,,,,,,,,,,0,1,0,,,,,,,,,
3,1670833444573,12/12/2022 08:24:04,1670833445183,1,12/12/2022 09:24:05,89483,9,task-4t5w,,25868454,BLIND,7649930,,complete,,,computer,Desktop or Laptop,Windows 10,Edge 108.0.1462.46,1280x720,1233x648,Passed_Trials,AliceIntroVideos,12,DiagrammingOnly,,,,,,,Passed_Intro,Passed_Practice,Passed_Trials,AliceImmediateDiagrammingOnly,AliceImmediateDiagrammingOnly,1,1,1,Video,Zone1,content_video,187252,,,,,0,1,0,,,,,,AliceImmediateDiagrammingOnly,,,
4,1670833444630,12/12/2022 08:24:04,1670833445189,1,12/12/2022 09:24:05,89483,9,task-4t5w,,25868454,BLIND,7649930,,complete,,,computer,Desktop or Laptop,Windows 10,Edge 108.0.1462.46,1280x720,1233x648,Passed_Trials,AliceIntroVideos,12,DiagrammingOnly,,,,,,,Passed_Intro,Passed_Practice,Passed_Trials,AliceImmediateDiagrammingOnly,,,END TASK,,,,,194298,,,,,0,1,0,,,,,,,,,
1,1670833292200,12/12/2022 08:21:32,1670833288155,1,12/12/2022 09:21:28,89483,9,task-4t5w,,25868480,BLIND,7649919,,complete,,,computer,Desktop or Laptop,Windows 10,Chrome 108.0.0.0,1536x864,1536x714,Passed_Trials,AliceIntroVideos,12,DiagrammingOnly,,,,,,,Passed_Intro,Passed_Practice,Passed_Trials,AliceImmediateDiagrammingOnly,,,BEGIN TASK,,,,,,,,,,0,1,0,,,,,,,,,
2,1670833478351,12/12/2022 08:24:38,1670833474211,1,12/12/2022 09:24:34,89483,9,task-4t5w,,25868480,BLIND,7649919,,complete,,,computer,Desktop or Laptop,Windows 10,Chrome 108.0.0.0,1536x864,1519x714,Passed_Trials,AliceIntroVideos,12,DiagrammingOnly,,,,,,,Passed_Intro,Passed_Practice,Passed_Trials,AliceImmediateDiagrammingOnly,AliceImmediateDiagrammingOnly,1,1,1,Video,Zone1,content_video,184872.09999999404,,,,,0,1,0,,,,,,AliceImmediateDiagrammingOnly,,,
3,1670833478443,12/12/2022 08:24:38,1670833474220,1,12/12/2022 09:24:34,89483,9,task-4t5w,,25868480,BLIND,7649919,,complete,,,computer,Desktop or Laptop,Windows 10,Chrome 108.0.0.0,1536x864,1519x714,Passed_Trials,AliceIntroVideos,12,DiagrammingOnly,,,,,,,Passed_Intro,Passed_Practice,Passed_Trials,AliceImmediateDiagrammingOnly,,,END TASK,,,,,186065,,,,,0,1,0,,,,,,,,,
1,1670838108558,12/12/2022 09:41:48,1670838108582,1,12/12/2022 10:41:48,89483,9,task-4t5w,,25869384,BLIND,7650198,,complete,,,computer,Desktop or Laptop,Windows 10,Edge 108.0.1462.46,1280x720,1280x569,Passed_Trials,AliceIntroVideos,12,DiagrammingOnly,,,,,,,Passed_Intro,Passed_Practice,Passed_Trials,AliceImmediateDiagrammingOnly,,,BEGIN TASK,,,,,,,,,,0,1,0,,,,,,,,,
2,1670838294256,12/12/2022 09:44:54,1670838294204,1,12/12/2022 10:44:54,89483,9,task-4t5w,,25869384,BLIND,7650198,,complete,,,computer,Desktop or Laptop,Windows 10,Edge 108.0.1462.46,1280x720,1280x569,Passed_Trials,AliceIntroVideos,12,DiagrammingOnly,,,,,,,Passed_Intro,Passed_Practice,Passed_Trials,AliceImmediateDiagrammingOnly,AliceImmediateDiagrammingOnly,1,1,1,Video,Zone1,content_video,184810.60000002384,,,,,0,1,0,,,,,,AliceImmediateDiagrammingOnly,,,
3,1670838294537,12/12/2022 09:44:54,1670838294209,1,12/12/2022 10:44:54,89483,9,task-4t5w,,25869384,BLIND,7650198,,complete,,,computer,Desktop or Laptop,Windows 10,Edge 108.0.1462.46,1280x720,1280x569,Passed_Trials,AliceIntroVideos,12,DiagrammingOnly,,,,,,,Passed_Intro,Passed_Practice,Passed_Trials,AliceImmediateDiagrammingOnly,,,END TASK,,,,,185627,,,,,0,1,0,,,,,,,,,
1,1670838187498,12/12/2022 09:43:07,1670838189907,1,12/12/2022 10:43:09,89483,9,task-4t5w,,25869409,BLIND,7650218,,complete,,,computer,Desktop or Laptop,Windows 10,Edge 107.0.1418.62,1536x864,1490x746,Passed_Trials,AliceIntroVideos,12,DiagrammingOnly,,,,,,,Passed_Intro,Passed_Practice,Passed_Trials,AliceImmediateDiagrammingOnly,,,BEGIN TASK,,,,,,,,,,0,1,0,,,,,,,,,
2,1670838373157,12/12/2022 09:46:13,1670838375617,1,12/12/2022 10:46:15,89483,9,task-4t5w,,25869409,BLIND,7650218,,complete,,,computer,Desktop or Laptop,Windows 10,Edge 107.0.1418.62,1536x864,1473x746,Passed_Trials,AliceIntroVideos,12,DiagrammingOnly,,,,,,,Passed_Intro,Passed_Practice,Passed_Trials,AliceImmediateDiagrammingOnly,AliceImmediateDiagrammingOnly,1,1,1,Video,Zone1,content_video,184888.6000000001,,,,,0,1,0,,,,,,AliceImmediateDiagrammingOnly,,,
3,1670838373216,12/12/2022 09:46:13,1670838375623,1,12/12/2022 10:46:15,89483,9,task-4t5w,,25869409,BLIND,7650218,,complete,,,computer,Desktop or Laptop,Windows 10,Edge 107.0.1418.62,1536x864,1473x746,Passed_Trials,AliceIntroVideos,12,DiagrammingOnly,,,,,,,Passed_Intro,Passed_Practice,Passed_Trials,AliceImmediateDiagrammingOnly,,,END TASK,,,,,185716,,,,,0,1,0,,,,,,,,,
1,1670838284301,12/12/2022 09:44:44,1670838283888,1,12/12/2022 10:44:43,89483,9,task-4t5w,,25869444,BLIND,7650212,,complete,,,computer,Desktop or Laptop,Windows 10,Chrome 108.0.0.0,1280x720,1280x569,Passed_Trials,AliceIntroVideos,12,DiagrammingOnly,,,,,,,Passed_Intro,Passed_Practice,Passed_Trials,AliceImmediateDiagrammingOnly,,,BEGIN TASK,,,,,,,,,,0,1,0,,,,,,,,,
2,1670838471323,12/12/2022 09:47:51,1670838469574,1,12/12/2022 10:47:49,89483,9,task-4t5w,,25869444,BLIND,7650212,,complete,,,computer,Desktop or Laptop,Windows 10,Chrome 108.0.0.0,1280x720,1280x569,Passed_Trials,AliceIntroVideos,12,DiagrammingOnly,,,,,,,Passed_Intro,Passed_Practice,Passed_Trials,AliceImmediateDiagrammingOnly,AliceImmediateDiagrammingOnly,1,1,1,Video,Zone1,content_video,184813.70000000298,,,,,0,1,0,,,,,,AliceImmediateDiagrammingOnly,,,
3,1670838471451,12/12/2022 09:47:51,1670838469584,1,12/12/2022 10:47:49,89483,9,task-4t5w,,25869444,BLIND,7650212,,complete,,,computer,Desktop or Laptop,Windows 10,Chrome 108.0.0.0,1280x720,1280x569,Passed_Trials,AliceIntroVideos,12,DiagrammingOnly,,,,,,,Passed_Intro,Passed_Practice,Passed_Trials,AliceImmediateDiagrammingOnly,,,END TASK,,,,,185696,,,,,0,1,0,,,,,,,,,
1,1670838320027,12/12/2022 09:45:20,1670838319804,1,12/12/2022 10:45:19,89483,9,task-4t5w,,25869460,BLIND,7650215,,complete,,,computer,Desktop or Laptop,Windows 10,Chrome 108.0.0.0,1280x720,1280x609,Passed_Trials,AliceIntroVideos,12,DiagrammingOnly,,,,,,,Passed_Intro,Passed_Practice,Passed_Trials,AliceImmediateDiagrammingOnly,,,BEGIN TASK,,,,,,,,,,0,1,0,,,,,,,,,
2,1670838374848,12/12/2022 09:46:14,1670838374669,1,12/12/2022 10:46:14,89483,9,task-4t5w,,25869460,BLIND,7650215,,complete,,,computer,Desktop or Laptop,Windows 10,Chrome 108.0.0.0,1280x720,1280x609,Passed_Trials,AliceIntroVideos,12,DiagrammingOnly,,,,,,,Passed_Intro,Passed_Practice,Passed_Trials,AliceImmediateDiagrammingOnly,,,BEGIN TASK,,,,,,,,,,0,1,0,,,,,,,,,
3,1670838696629,12/12/2022 09:51:36,1670838696358,1,12/12/2022 10:51:36,89483,9,task-4t5w,,25869460,BLIND,7650215,,complete,,,computer,Desktop or Laptop,Windows 10,Chrome 108.0.0.0,1280x720,1280x609,Passed_Trials,AliceIntroVideos,12,DiagrammingOnly,,,,,,,Passed_Intro,Passed_Practice,Passed_Trials,AliceImmediateDiagrammingOnly,AliceImmediateDiagrammingOnly,1,1,1,Video,Zone1,content_video,321115.7999999523,,,,,0,1,0,,,,,,AliceImmediateDiagrammingOnly,,,
4,1670838696781,12/12/2022 09:51:36,1670838696366,1,12/12/2022 10:51:36,89483,9,task-4t5w,,25869460,BLIND,7650215,,complete,,,computer,Desktop or Laptop,Windows 10,Chrome 108.0.0.0,1280x720,1280x609,Passed_Trials,AliceIntroVideos,12,DiagrammingOnly,,,,,,,Passed_Intro,Passed_Practice,Passed_Trials,AliceImmediateDiagrammingOnly,,,END TASK,,,,,321697,,,,,0,1,0,,,,,,,,,
1,1670843487334,12/12/2022 11:11:27,1670843486578,1,12/12/2022 12:11:26,89483,9,task-4t5w,,25872007,BLIND,7650844,,complete,,,computer,Desktop or Laptop,Windows 10,Edge 107.0.1418.62,1280x720,1280x609,Passed_Trials,AliceIntroVideos,12,DiagrammingOnly,,,,,,,Passed_Intro,Passed_Practice,Passed_Trials,AliceImmediateDiagrammingOnly,,,BEGIN TASK,,,,,,,,,,0,1,0,,,,,,,,,
2,1670843672517,12/12/2022 11:14:32,1670843671778,1,12/12/2022 12:14:31,89483,9,task-4t5w,,25872007,BLIND,7650844,,complete,,,computer,Desktop or Laptop,Windows 10,Edge 107.0.1418.62,1280x720,1280x609,Passed_Trials,AliceIntroVideos,12,DiagrammingOnly,,,,,,,Passed_Intro,Passed_Practice,Passed_Trials,AliceImmediateDiagrammingOnly,AliceImmediateDiagrammingOnly,1,1,1,Video,Zone1,content_video,184793.20000004768,,,,,0,1,0,,,,,,AliceImmediateDiagrammingOnly,,,
3,1670843672570,12/12/2022 11:14:32,1670843671782,1,12/12/2022 12:14:31,89483,9,task-4t5w,,25872007,BLIND,7650844,,complete,,,computer,Desktop or Laptop,Windows 10,Edge 107.0.1418.62,1280x720,1280x609,Passed_Trials,AliceIntroVideos,12,DiagrammingOnly,,,,,,,Passed_Intro,Passed_Practice,Passed_Trials,AliceImmediateDiagrammingOnly,,,END TASK,,,,,185204,,,,,0,1,0,,,,,,,,,
1,1670843507120,12/12/2022 11:11:47,1670843503722,1,12/12/2022 12:11:43,89483,9,task-4t5w,,25872031,BLIND,7650808,,complete,,,computer,Desktop or Laptop,Windows 10,Chrome 108.0.0.0,1536x864,1536x714,Passed_Trials,AliceIntroVideos,12,DiagrammingOnly,,,,,,,Passed_Intro,Passed_Practice,Passed_Trials,AliceImmediateDiagrammingOnly,,,BEGIN TASK,,,,,,,,,,0,1,0,,,,,,,,,
2,1670843694404,12/12/2022 11:14:54,1670843690995,1,12/12/2022 12:14:50,89483,9,task-4t5w,,25872031,BLIND,7650808,,complete,,,computer,Desktop or Laptop,Windows 10,Chrome 108.0.0.0,1536x864,1519x714,Passed_Trials,AliceIntroVideos,12,DiagrammingOnly,,,,,,,Passed_Intro,Passed_Practice,Passed_Trials,AliceImmediateDiagrammingOnly,AliceImmediateDiagrammingOnly,1,1,1,Video,Zone1,content_video,185353.2999999998,,,,,0,1,0,,,,,,AliceImmediateDiagrammingOnly,,,
3,1670843694494,12/12/2022 11:14:54,1670843691001,1,12/12/2022 12:14:51,89483,9,task-4t5w,,25872031,BLIND,7650808,,complete,,,computer,Desktop or Laptop,Windows 10,Chrome 108.0.0.0,1536x864,1519x714,Passed_Trials,AliceIntroVideos,12,DiagrammingOnly,,,,,,,Passed_Intro,Passed_Practice,Passed_Trials,AliceImmediateDiagrammingOnly,,,END TASK,,,,,187279,,,,,0,1,0,,,,,,,,,
1,1670843507264,12/12/2022 11:11:47,1670843507202,1,12/12/2022 12:11:47,89483,9,task-4t5w,,25872033,BLIND,7650827,,complete,,,computer,Desktop or Laptop,Windows 10,Chrome 108.0.0.0,1536x864,1536x746,Passed_Trials,AliceIntroVideos,12,DiagrammingOnly,,,,,,,Passed_Intro,Passed_Practice,Passed_Trials,AliceImmediateDiagrammingOnly,,,BEGIN TASK,,,,,,,,,,0,1,0,,,,,,,,,
2,1670843692810,12/12/2022 11:14:52,1670843692704,1,12/12/2022 12:14:52,89483,9,task-4t5w,,25872033,BLIND,7650827,,complete,,,computer,Desktop or Laptop,Windows 10,Chrome 108.0.0.0,1536x864,1519x746,Passed_Trials,AliceIntroVideos,12,DiagrammingOnly,,,,,,,Passed_Intro,Passed_Practice,Passed_Trials,AliceImmediateDiagrammingOnly,AliceImmediateDiagrammingOnly,1,1,1,Video,Zone1,content_video,184794.10000002384,,,,,0,1,0,,,,,,AliceImmediateDiagrammingOnly,,,
3,1670843692868,12/12/2022 11:14:52,1670843692715,1,12/12/2022 12:14:52,89483,9,task-4t5w,,25872033,BLIND,7650827,,complete,,,computer,Desktop or Laptop,Windows 10,Chrome 108.0.0.0,1536x864,1519x746,Passed_Trials,AliceIntroVideos,12,DiagrammingOnly,,,,,,,Passed_Intro,Passed_Practice,Passed_Trials,AliceImmediateDiagrammingOnly,,,END TASK,,,,,185513,,,,,0,1,0,,,,,,,,,
1,1670843528534,12/12/2022 11:12:08,1670843527147,1,12/12/2022 12:12:07,89483,9,task-4t5w,,25872060,BLIND,7650823,,complete,,,computer,Desktop or Laptop,Windows 10,Chrome 107.0.0.0,1536x864,1536x722,Passed_Trials,AliceIntroVideos,12,DiagrammingOnly,,,,,,,Passed_Intro,Passed_Practice,Passed_Trials,AliceImmediateDiagrammingOnly,,,BEGIN TASK,,,,,,,,,,0,1,0,,,,,,,,,
2,1670843771222,12/12/2022 11:16:11,1670843769712,1,12/12/2022 12:16:09,89483,9,task-4t5w,,25872060,BLIND,7650823,,complete,,,computer,Desktop or Laptop,Windows 10,Chrome 107.0.0.0,1536x864,1519x722,Passed_Trials,AliceIntroVideos,12,DiagrammingOnly,,,,,,,Passed_Intro,Passed_Practice,Passed_Trials,AliceImmediateDiagrammingOnly,AliceImmediateDiagrammingOnly,1,1,1,Video,Zone1,content_video,240459.30000001192,,,,,0,1,0,,,,,,AliceImmediateDiagrammingOnly,,,
3,1670843771366,12/12/2022 11:16:11,1670843769722,1,12/12/2022 12:16:09,89483,9,task-4t5w,,25872060,BLIND,7650823,,complete,,,computer,Desktop or Laptop,Windows 10,Chrome 107.0.0.0,1536x864,1519x722,Passed_Trials,AliceIntroVideos,12,DiagrammingOnly,,,,,,,Passed_Intro,Passed_Practice,Passed_Trials,AliceImmediateDiagrammingOnly,,,END TASK,,,,,242575,,,,,0,1,0,,,,,,,,,
1,1670843647152,12/12/2022 11:14:07,1670843652478,1,12/12/2022 12:14:12,89483,9,task-4t5w,,25872148,BLIND,7650878,,complete,,,computer,Desktop or Laptop,Windows 10,Edge 108.0.1462.42,1536x864,1490x754,Passed_Trials,AliceIntroVideos,12,DiagrammingOnly,,,,,,,Passed_Intro,Passed_Practice,Passed_Trials,AliceImmediateDiagrammingOnly,,,BEGIN TASK,,,,,,,,,,0,1,0,,,,,,,,,
2,1670843808798,12/12/2022 11:16:48,1670843814114,1,12/12/2022 12:16:54,89483,9,task-4t5w,,25872148,BLIND,7650878,,complete,,,computer,Desktop or Laptop,Windows 10,Edge 108.0.1462.42,1536x864,1490x754,Passed_Trials,AliceIntroVideos,12,DiagrammingOnly,,,,,,,Passed_Intro,Passed_Practice,Passed_Trials,AliceImmediateDiagrammingOnly,,,BEGIN TASK,,,,,,,,,,0,1,0,,,,,,,,,
3,1670844110649,12/12/2022 11:21:50,1670844115974,1,12/12/2022 12:21:55,89483,9,task-4t5w,,25872148,BLIND,7650878,,complete,,,computer,Desktop or Laptop,Windows 10,Edge 108.0.1462.42,1536x864,1473x754,Passed_Trials,AliceIntroVideos,12,DiagrammingOnly,,,,,,,Passed_Intro,Passed_Practice,Passed_Trials,AliceImmediateDiagrammingOnly,AliceImmediateDiagrammingOnly,1,1,1,Video,Zone1,content_video,301730.09999996424,,,,,0,1,0,,,,,,AliceImmediateDiagrammingOnly,,,
4,1670844110707,12/12/2022 11:21:50,1670844115980,1,12/12/2022 12:21:55,89483,9,task-4t5w,,25872148,BLIND,7650878,,complete,,,computer,Desktop or Laptop,Windows 10,Edge 108.0.1462.42,1536x864,1473x754,Passed_Trials,AliceIntroVideos,12,DiagrammingOnly,,,,,,,Passed_Intro,Passed_Practice,Passed_Trials,AliceImmediateDiagrammingOnly,,,END TASK,,,,,301866,,,,,0,1,0,,,,,,,,,
1,1670843676889,12/12/2022 11:14:36,1670843676512,1,12/12/2022 12:14:36,89483,9,task-4t5w,,25872190,BLIND,7650831,,complete,,,computer,Desktop or Laptop,Windows 10,Edge 108.0.1462.46,1280x720,1280x609,Passed_Trials,AliceIntroVideos,12,DiagrammingOnly,,,,,,,Passed_Intro,Passed_Practice,Passed_Trials,AliceImmediateDiagrammingOnly,,,BEGIN TASK,,,,,,,,,,0,1,0,,,,,,,,,
2,1670843862212,12/12/2022 11:17:42,1670843861851,1,12/12/2022 12:17:41,89483,9,task-4t5w,,25872190,BLIND,7650831,,complete,,,computer,Desktop or Laptop,Windows 10,Edge 108.0.1462.46,1280x720,1280x609,Passed_Trials,AliceIntroVideos,12,DiagrammingOnly,,,,,,,Passed_Intro,Passed_Practice,Passed_Trials,AliceImmediateDiagrammingOnly,AliceImmediateDiagrammingOnly,1,1,1,Video,Zone1,content_video,184785.89999997616,,,,,0,1,0,,,,,,AliceImmediateDiagrammingOnly,,,
3,1670843862271,12/12/2022 11:17:42,1670843861859,1,12/12/2022 12:17:41,89483,9,task-4t5w,,25872190,BLIND,7650831,,complete,,,computer,Desktop or Laptop,Windows 10,Edge 108.0.1462.46,1280x720,1280x609,Passed_Trials,AliceIntroVideos,12,DiagrammingOnly,,,,,,,Passed_Intro,Passed_Practice,Passed_Trials,AliceImmediateDiagrammingOnly,,,END TASK,,,,,185347,,,,,0,1,0,,,,,,,,,
1,1670925824895,13/12/2022 10:03:44,1670925825492,1,13/12/2022 11:03:45,89483,9,task-4t5w,,25905927,BLIND,7657585,,complete,,,computer,Desktop or Laptop,Windows 10,Chrome 108.0.0.0,1536x864,1536x758,Passed_Trials,AliceIntroVideos,12,DiagrammingOnly,,,,,,,Passed_Intro,Passed_Practice,Passed_Trials,AliceImmediateDiagrammingOnly,,,BEGIN TASK,,,,,,,,,,0,1,0,,,,,,,,,
2,1670926011366,13/12/2022 10:06:51,1670926011936,1,13/12/2022 11:06:51,89483,9,task-4t5w,,25905927,BLIND,7657585,,complete,,,computer,Desktop or Laptop,Windows 10,Chrome 108.0.0.0,1536x864,1519x758,Passed_Trials,AliceIntroVideos,12,DiagrammingOnly,,,,,,,Passed_Intro,Passed_Practice,Passed_Trials,AliceImmediateDiagrammingOnly,AliceImmediateDiagrammingOnly,1,1,1,Video,Zone1,content_video,185308.69999980927,,,,,0,1,0,,,,,,AliceImmediateDiagrammingOnly,,,
3,1670926011421,13/12/2022 10:06:51,1670926011944,1,13/12/2022 11:06:51,89483,9,task-4t5w,,25905927,BLIND,7657585,,complete,,,computer,Desktop or Laptop,Windows 10,Chrome 108.0.0.0,1536x864,1519x758,Passed_Trials,AliceIntroVideos,12,DiagrammingOnly,,,,,,,Passed_Intro,Passed_Practice,Passed_Trials,AliceImmediateDiagrammingOnly,,,END TASK,,,,,186452,,,,,0,1,0,,,,,,,,,
1,1670925855426,13/12/2022 10:04:15,1670925866557,1,13/12/2022 11:04:26,89483,9,task-4t5w,,25905946,BLIND,7657600,,complete,,,computer,Desktop or Laptop,Windows 10,Chrome 107.0.0.0,1366x768,1366x649,Passed_Trials,AliceIntroVideos,12,DiagrammingOnly,,,,,,,Passed_Intro,Passed_Practice,Passed_Trials,AliceImmediateDiagrammingOnly,,,BEGIN TASK,,,,,,,,,,0,1,0,,,,,,,,,
2,1670926041637,13/12/2022 10:07:21,1670926052739,1,13/12/2022 11:07:32,89483,9,task-4t5w,,25905946,BLIND,7657600,,complete,,,computer,Desktop or Laptop,Windows 10,Chrome 107.0.0.0,1366x768,1366x649,Passed_Trials,AliceIntroVideos,12,DiagrammingOnly,,,,,,,Passed_Intro,Passed_Practice,Passed_Trials,AliceImmediateDiagrammingOnly,AliceImmediateDiagrammingOnly,1,1,1,Video,Zone1,content_video,185080.89999985695,,,,,0,1,0,,,,,,AliceImmediateDiagrammingOnly,,,
3,1670926041703,13/12/2022 10:07:21,1670926052747,1,13/12/2022 11:07:32,89483,9,task-4t5w,,25905946,BLIND,7657600,,complete,,,computer,Desktop or Laptop,Windows 10,Chrome 107.0.0.0,1366x768,1366x649,Passed_Trials,AliceIntroVideos,12,DiagrammingOnly,,,,,,,Passed_Intro,Passed_Practice,Passed_Trials,AliceImmediateDiagrammingOnly,,,END TASK,,,,,186191,,,,,0,1,0,,,,,,,,,
1,1670925869277,13/12/2022 10:04:29,1670925869156,1,13/12/2022 11:04:29,89483,9,task-4t5w,,25905952,BLIND,7657604,,complete,,,computer,Desktop or Laptop,Windows 10,Chrome 108.0.0.0,1366x768,1366x657,Passed_Trials,AliceIntroVideos,12,DiagrammingOnly,,,,,,,Passed_Intro,Passed_Practice,Passed_Trials,AliceImmediateDiagrammingOnly,,,BEGIN TASK,,,,,,,,,,0,1,0,,,,,,,,,
2,1670926054929,13/12/2022 10:07:34,1670926054800,1,13/12/2022 11:07:34,89483,9,task-4t5w,,25905952,BLIND,7657604,,complete,,,computer,Desktop or Laptop,Windows 10,Chrome 108.0.0.0,1366x768,1366x657,Passed_Trials,AliceIntroVideos,12,DiagrammingOnly,,,,,,,Passed_Intro,Passed_Practice,Passed_Trials,AliceImmediateDiagrammingOnly,AliceImmediateDiagrammingOnly,1,1,1,Video,Zone1,content_video,184932.39999997616,,,,,0,1,0,,,,,,AliceImmediateDiagrammingOnly,,,
3,1670926055011,13/12/2022 10:07:35,1670926054807,1,13/12/2022 11:07:34,89483,9,task-4t5w,,25905952,BLIND,7657604,,complete,,,computer,Desktop or Laptop,Windows 10,Chrome 108.0.0.0,1366x768,1366x657,Passed_Trials,AliceIntroVideos,12,DiagrammingOnly,,,,,,,Passed_Intro,Passed_Practice,Passed_Trials,AliceImmediateDiagrammingOnly,,,END TASK,,,,,185652,,,,,0,1,0,,,,,,,,,
1,1670925870167,13/12/2022 10:04:30,1670925870602,1,13/12/2022 11:04:30,89483,9,task-4t5w,,25905953,BLIND,7657589,,complete,,,computer,Desktop or Laptop,Windows 10,Chrome 108.0.0.0,1366x768,1366x649,Passed_Trials,AliceIntroVideos,12,DiagrammingOnly,,,,,,,Passed_Intro,Passed_Practice,Passed_Trials,AliceImmediateDiagrammingOnly,,,BEGIN TASK,,,,,,,,,,0,1,0,,,,,,,,,
2,1670926056443,13/12/2022 10:07:36,1670926056872,1,13/12/2022 11:07:36,89483,9,task-4t5w,,25905953,BLIND,7657589,,complete,,,computer,Desktop or Laptop,Windows 10,Chrome 108.0.0.0,1366x768,1366x649,Passed_Trials,AliceIntroVideos,12,DiagrammingOnly,,,,,,,Passed_Intro,Passed_Practice,Passed_Trials,AliceImmediateDiagrammingOnly,AliceImmediateDiagrammingOnly,1,1,1,Video,Zone1,content_video,185146.5,,,,,0,1,0,,,,,,AliceImmediateDiagrammingOnly,,,
3,1670926056523,13/12/2022 10:07:36,1670926056877,1,13/12/2022 11:07:36,89483,9,task-4t5w,,25905953,BLIND,7657589,,complete,,,computer,Desktop or Laptop,Windows 10,Chrome 108.0.0.0,1366x768,1366x649,Passed_Trials,AliceIntroVideos,12,DiagrammingOnly,,,,,,,Passed_Intro,Passed_Practice,Passed_Trials,AliceImmediateDiagrammingOnly,,,END TASK,,,,,186274,,,,,0,1,0,,,,,,,,,
1,1670925933172,13/12/2022 10:05:33,1670925932979,1,13/12/2022 11:05:32,89483,9,task-4t5w,,25905980,BLIND,7657614,,complete,,,computer,Desktop or Laptop,Windows 10,Chrome 107.0.0.0,1366x768,1366x625,Passed_Trials,AliceIntroVideos,12,DiagrammingOnly,,,,,,,Passed_Intro,Passed_Practice,Passed_Trials,AliceImmediateDiagrammingOnly,,,BEGIN TASK,,,,,,,,,,0,1,0,,,,,,,,,
2,1670926118507,13/12/2022 10:08:38,1670926118299,1,13/12/2022 11:08:38,89483,9,task-4t5w,,25905980,BLIND,7657614,,complete,,,computer,Desktop or Laptop,Windows 10,Chrome 107.0.0.0,1366x768,1366x625,Passed_Trials,AliceIntroVideos,12,DiagrammingOnly,,,,,,,Passed_Intro,Passed_Practice,Passed_Trials,AliceImmediateDiagrammingOnly,AliceImmediateDiagrammingOnly,1,1,1,Video,Zone1,content_video,184959.10000014305,,,,,0,1,0,,,,,,AliceImmediateDiagrammingOnly,,,
3,1670926118584,13/12/2022 10:08:38,1670926118305,1,13/12/2022 11:08:38,89483,9,task-4t5w,,25905980,BLIND,7657614,,complete,,,computer,Desktop or Laptop,Windows 10,Chrome 107.0.0.0,1366x768,1366x625,Passed_Trials,AliceIntroVideos,12,DiagrammingOnly,,,,,,,Passed_Intro,Passed_Practice,Passed_Trials,AliceImmediateDiagrammingOnly,,,END TASK,,,,,185326,,,,,0,1,0,,,,,,,,,
1,1670925940459,13/12/2022 10:05:40,1670925957703,1,13/12/2022 11:05:57,89483,9,task-4t5w,,25905984,BLIND,7657611,,complete,,,computer,Desktop or Laptop,Windows 10,Chrome 107.0.0.0,1366x768,1366x649,Passed_Trials,AliceIntroVideos,12,DiagrammingOnly,,,,,,,Passed_Intro,Passed_Practice,Passed_Trials,AliceImmediateDiagrammingOnly,,,BEGIN TASK,,,,,,,,,,0,1,0,,,,,,,,,
2,1670926126929,13/12/2022 10:08:46,1670926144172,1,13/12/2022 11:09:04,89483,9,task-4t5w,,25905984,BLIND,7657611,,complete,,,computer,Desktop or Laptop,Windows 10,Chrome 107.0.0.0,1366x768,1366x649,Passed_Trials,AliceIntroVideos,12,DiagrammingOnly,,,,,,,Passed_Intro,Passed_Practice,Passed_Trials,AliceImmediateDiagrammingOnly,AliceImmediateDiagrammingOnly,1,1,1,Video,Zone1,content_video,185145.69999980927,,,,,0,1,0,,,,,,AliceImmediateDiagrammingOnly,,,
3,1670926126999,13/12/2022 10:08:46,1670926144177,1,13/12/2022 11:09:04,89483,9,task-4t5w,,25905984,BLIND,7657611,,complete,,,computer,Desktop or Laptop,Windows 10,Chrome 107.0.0.0,1366x768,1366x649,Passed_Trials,AliceIntroVideos,12,DiagrammingOnly,,,,,,,Passed_Intro,Passed_Practice,Passed_Trials,AliceImmediateDiagrammingOnly,,,END TASK,,,,,186474,,,,,0,1,0,,,,,,,,,
1,1670925978415,13/12/2022 10:06:18,1670925979906,1,13/12/2022 11:06:19,89483,9,task-4t5w,,25905998,BLIND,7657599,,complete,,,computer,Desktop or Laptop,Windows 10,Chrome 108.0.0.0,1280x720,1280x601,Passed_Trials,AliceIntroVideos,12,DiagrammingOnly,,,,,,,Passed_Intro,Passed_Practice,Passed_Trials,AliceImmediateDiagrammingOnly,,,BEGIN TASK,,,,,,,,,,0,1,0,,,,,,,,,
2,1670926176108,13/12/2022 10:09:36,1670926171366,1,13/12/2022 11:09:31,89483,9,task-4t5w,,25905998,BLIND,7657599,,complete,,,computer,Desktop or Laptop,Windows 10,Chrome 108.0.0.0,1280x720,1280x601,Passed_Trials,AliceIntroVideos,12,DiagrammingOnly,,,,,,,Passed_Intro,Passed_Practice,Passed_Trials,AliceImmediateDiagrammingOnly,AliceImmediateDiagrammingOnly,1,1,1,Video,Zone1,content_video,184934.2,,,,,0,1,0,,,,,,AliceImmediateDiagrammingOnly,,,
3,1670926176218,13/12/2022 10:09:36,1670926171372,1,13/12/2022 11:09:31,89483,9,task-4t5w,,25905998,BLIND,7657599,,complete,,,computer,Desktop or Laptop,Windows 10,Chrome 108.0.0.0,1280x720,1280x601,Passed_Trials,AliceIntroVideos,12,DiagrammingOnly,,,,,,,Passed_Intro,Passed_Practice,Passed_Trials,AliceImmediateDiagrammingOnly,,,END TASK,,,,,191466,,,,,0,1,0,,,,,,,,,
1,1670934448962,13/12/2022 12:27:28,1670934458070,1,13/12/2022 13:27:38,89483,9,task-4t5w,,25911717,BLIND,7658910,,complete,,,computer,Desktop or Laptop,Windows 10,Chrome 108.0.0.0,1366x768,1366x657,Passed_Trials,AliceIntroVideos,12,DiagrammingOnly,,,,,,,Passed_Intro,Passed_Practice,Passed_Trials,AliceImmediateDiagrammingOnly,,,BEGIN TASK,,,,,,,,,,0,1,0,,,,,,,,,
2,1670934635473,13/12/2022 12:30:35,1670934644527,1,13/12/2022 13:30:44,89483,9,task-4t5w,,25911717,BLIND,7658910,,complete,,,computer,Desktop or Laptop,Windows 10,Chrome 108.0.0.0,1366x768,1366x657,Passed_Trials,AliceIntroVideos,12,DiagrammingOnly,,,,,,,Passed_Intro,Passed_Practice,Passed_Trials,AliceImmediateDiagrammingOnly,AliceImmediateDiagrammingOnly,1,1,1,Video,Zone1,content_video,185196.30000019073,,,,,0,1,0,,,,,,AliceImmediateDiagrammingOnly,,,
3,1670934635514,13/12/2022 12:30:35,1670934644533,1,13/12/2022 13:30:44,89483,9,task-4t5w,,25911717,BLIND,7658910,,complete,,,computer,Desktop or Laptop,Windows 10,Chrome 108.0.0.0,1366x768,1366x657,Passed_Trials,AliceIntroVideos,12,DiagrammingOnly,,,,,,,Passed_Intro,Passed_Practice,Passed_Trials,AliceImmediateDiagrammingOnly,,,END TASK,,,,,186463,,,,,0,1,0,,,,,,,,,
1,1673335797126,10/01/2023 07:29:57,1673335890863,1,10/01/2023 08:31:30,89483,9,task-4t5w,,26286841,BLIND,7759612,,complete,,,computer,Desktop or Laptop,Windows 10,Chrome 108.0.0.0,1366x768,1366x657,Passed_Trials,AliceIntroVideos,12,DiagrammingOnly,,,,,,,Passed_Intro,Passed_Practice,Passed_Trials,AliceImmediateDiagrammingOnly,,,BEGIN TASK,,,,,,,,,,0,1,0,,,,,,,,,
2,1673335983636,10/01/2023 07:33:03,1673336077341,1,10/01/2023 08:34:37,89483,9,task-4t5w,,26286841,BLIND,7759612,,complete,,,computer,Desktop or Laptop,Windows 10,Chrome 108.0.0.0,1366x768,1366x657,Passed_Trials,AliceIntroVideos,12,DiagrammingOnly,,,,,,,Passed_Intro,Passed_Practice,Passed_Trials,AliceImmediateDiagrammingOnly,AliceImmediateDiagrammingOnly,1,1,1,Video,Zone1,content_video,185113.5,,,,,0,1,0,,,,,,AliceImmediateDiagrammingOnly,,,
3,1673335983737,10/01/2023 07:33:03,1673336077346,1,10/01/2023 08:34:37,89483,9,task-4t5w,,26286841,BLIND,7759612,,complete,,,computer,Desktop or Laptop,Windows 10,Chrome 108.0.0.0,1366x768,1366x657,Passed_Trials,AliceIntroVideos,12,DiagrammingOnly,,,,,,,Passed_Intro,Passed_Practice,Passed_Trials,AliceImmediateDiagrammingOnly,,,END TASK,,,,,186483,,,,,0,1,0,,,,,,,,,
1,1673335871891,10/01/2023 07:31:11,1673335873050,1,10/01/2023 08:31:13,89483,9,task-4t5w,,26286864,BLIND,7759620,,complete,,,computer,Desktop or Laptop,Windows 10,Firefox 108.0,1280x720,1280x587,Passed_Trials,AliceIntroVideos,12,DiagrammingOnly,,,,,,,Passed_Intro,Passed_Practice,Passed_Trials,AliceImmediateDiagrammingOnly,,,BEGIN TASK,,,,,,,,,,0,1,0,,,,,,,,,
2,1673336059962,10/01/2023 07:34:19,1673336061079,1,10/01/2023 08:34:21,89483,9,task-4t5w,,26286864,BLIND,7759620,,complete,,,computer,Desktop or Laptop,Windows 10,Firefox 108.0,1280x720,1280x587,Passed_Trials,AliceIntroVideos,12,DiagrammingOnly,,,,,,,Passed_Intro,Passed_Practice,Passed_Trials,AliceImmediateDiagrammingOnly,AliceImmediateDiagrammingOnly,1,1,1,Video,Zone1,content_video,186786,,,,,0,1,0,,,,,,AliceImmediateDiagrammingOnly,,,
3,1673336060050,10/01/2023 07:34:20,1673336061094,1,10/01/2023 08:34:21,89483,9,task-4t5w,,26286864,BLIND,7759620,,complete,,,computer,Desktop or Laptop,Windows 10,Firefox 108.0,1280x720,1280x587,Passed_Trials,AliceIntroVideos,12,DiagrammingOnly,,,,,,,Passed_Intro,Passed_Practice,Passed_Trials,AliceImmediateDiagrammingOnly,,,END TASK,,,,,188044,,,,,0,1,0,,,,,,,,,
1,1673335927679,10/01/2023 07:32:07,1673335929101,1,10/01/2023 08:32:09,89483,9,task-4t5w,,26286876,BLIND,7759619,,complete,,,computer,Desktop or Laptop,Windows 10,Chrome 108.0.0.0,1280x720,1280x648,Passed_Trials,AliceIntroVideos,12,DiagrammingOnly,,,,,,,Passed_Intro,Passed_Practice,Passed_Trials,AliceImmediateDiagrammingOnly,,,BEGIN TASK,,,,,,,,,,0,1,0,,,,,,,,,
2,1673336113448,10/01/2023 07:35:13,1673336114839,1,10/01/2023 08:35:14,89483,9,task-4t5w,,26286876,BLIND,7759619,,complete,,,computer,Desktop or Laptop,Windows 10,Chrome 108.0.0.0,1280x720,1280x648,Passed_Trials,AliceIntroVideos,12,DiagrammingOnly,,,,,,,Passed_Intro,Passed_Practice,Passed_Trials,AliceImmediateDiagrammingOnly,AliceImmediateDiagrammingOnly,1,1,1,Video,Zone1,content_video,185259.70000000007,,,,,0,1,0,,,,,,AliceImmediateDiagrammingOnly,,,
3,1673336113512,10/01/2023 07:35:13,1673336114844,1,10/01/2023 08:35:14,89483,9,task-4t5w,,26286876,BLIND,7759619,,complete,,,computer,Desktop or Laptop,Windows 10,Chrome 108.0.0.0,1280x720,1280x648,Passed_Trials,AliceIntroVideos,12,DiagrammingOnly,,,,,,,Passed_Intro,Passed_Practice,Passed_Trials,AliceImmediateDiagrammingOnly,,,END TASK,,,,,185743,,,,,0,1,0,,,,,,,,,
1,1673335993691,10/01/2023 07:33:13,1673335994833,1,10/01/2023 08:33:14,89483,9,task-4t5w,,26286887,BLIND,7759634,,complete,,,computer,Desktop or Laptop,Windows 10,Chrome 108.0.0.0,1366x768,1366x657,Passed_Trials,AliceIntroVideos,12,DiagrammingOnly,,,,,,,Passed_Intro,Passed_Practice,Passed_Trials,AliceImmediateDiagrammingOnly,,,BEGIN TASK,,,,,,,,,,0,1,0,,,,,,,,,
2,1673336180105,10/01/2023 07:36:20,1673336181247,1,10/01/2023 08:36:21,89483,9,task-4t5w,,26286887,BLIND,7759634,,complete,,,computer,Desktop or Laptop,Windows 10,Chrome 108.0.0.0,1366x768,1366x657,Passed_Trials,AliceIntroVideos,12,DiagrammingOnly,,,,,,,Passed_Intro,Passed_Practice,Passed_Trials,AliceImmediateDiagrammingOnly,AliceImmediateDiagrammingOnly,1,1,1,Video,Zone1,content_video,185360.70000004768,,,,,0,1,0,,,,,,AliceImmediateDiagrammingOnly,,,
3,1673336180189,10/01/2023 07:36:20,1673336181260,1,10/01/2023 08:36:21,89483,9,task-4t5w,,26286887,BLIND,7759634,,complete,,,computer,Desktop or Laptop,Windows 10,Chrome 108.0.0.0,1366x768,1366x657,Passed_Trials,AliceIntroVideos,12,DiagrammingOnly,,,,,,,Passed_Intro,Passed_Practice,Passed_Trials,AliceImmediateDiagrammingOnly,,,END TASK,,,,,186428,,,,,0,1,0,,,,,,,,,
1,1673336106058,10/01/2023 07:35:06,1673336106858,1,10/01/2023 08:35:06,89483,9,task-4t5w,,26286906,BLIND,7759635,,complete,,,computer,Desktop or Laptop,Windows 10,Chrome 108.0.0.0,1366x768,1366x657,Passed_Trials,AliceIntroVideos,12,DiagrammingOnly,,,,,,,Passed_Intro,Passed_Practice,Passed_Trials,AliceImmediateDiagrammingOnly,,,BEGIN TASK,,,,,,,,,,0,1,0,,,,,,,,,
2,1673336292801,10/01/2023 07:38:12,1673336292916,1,10/01/2023 08:38:12,89483,9,task-4t5w,,26286906,BLIND,7759635,,complete,,,computer,Desktop or Laptop,Windows 10,Chrome 108.0.0.0,1366x768,1366x657,Passed_Trials,AliceIntroVideos,12,DiagrammingOnly,,,,,,,Passed_Intro,Passed_Practice,Passed_Trials,AliceImmediateDiagrammingOnly,AliceImmediateDiagrammingOnly,1,1,1,Video,Zone1,content_video,184832.29999995232,,,,,0,1,0,,,,,,AliceImmediateDiagrammingOnly,,,
3,1673336292856,10/01/2023 07:38:12,1673336292929,1,10/01/2023 08:38:12,89483,9,task-4t5w,,26286906,BLIND,7759635,,complete,,,computer,Desktop or Laptop,Windows 10,Chrome 108.0.0.0,1366x768,1366x657,Passed_Trials,AliceIntroVideos,12,DiagrammingOnly,,,,,,,Passed_Intro,Passed_Practice,Passed_Trials,AliceImmediateDiagrammingOnly,,,END TASK,,,,,186072,,,,,0,1,0,,,,,,,,,
1,1673340985943,10/01/2023 08:56:25,1673340979427,1,10/01/2023 09:56:19,89483,9,task-4t5w,,26287626,BLIND,7759912,,complete,,,computer,Desktop or Laptop,Windows 10,Chrome 108.0.0.0,1366x768,1366x625,Passed_Trials,AliceIntroVideos,12,DiagrammingOnly,,,,,,,Passed_Intro,Passed_Practice,Passed_Trials,AliceImmediateDiagrammingOnly,,,BEGIN TASK,,,,,,,,,,0,1,0,,,,,,,,,
2,1673341171808,10/01/2023 08:59:31,1673341165282,1,10/01/2023 09:59:25,89483,9,task-4t5w,,26287626,BLIND,7759912,,complete,,,computer,Desktop or Laptop,Windows 10,Chrome 108.0.0.0,1366x768,1366x625,Passed_Trials,AliceIntroVideos,12,DiagrammingOnly,,,,,,,Passed_Intro,Passed_Practice,Passed_Trials,AliceImmediateDiagrammingOnly,AliceImmediateDiagrammingOnly,1,1,1,Video,Zone1,content_video,184889.6000000001,,,,,0,1,0,,,,,,AliceImmediateDiagrammingOnly,,,
3,1673341171867,10/01/2023 08:59:31,1673341165288,1,10/01/2023 09:59:25,89483,9,task-4t5w,,26287626,BLIND,7759912,,complete,,,computer,Desktop or Laptop,Windows 10,Chrome 108.0.0.0,1366x768,1366x625,Passed_Trials,AliceIntroVideos,12,DiagrammingOnly,,,,,,,Passed_Intro,Passed_Practice,Passed_Trials,AliceImmediateDiagrammingOnly,,,END TASK,,,,,185861,,,,,0,1,0,,,,,,,,,
1,1673341015374,10/01/2023 08:56:55,1673341043445,1,10/01/2023 09:57:23,89483,9,task-4t5w,,26287634,BLIND,7759923,,complete,,,computer,Desktop or Laptop,Windows 10,Edge 108.0.1462.76,1366x768,1319x657,Passed_Trials,AliceIntroVideos,12,DiagrammingOnly,,,,,,,Passed_Intro,Passed_Practice,Passed_Trials,AliceImmediateDiagrammingOnly,,,BEGIN TASK,,,,,,,,,,0,1,0,,,,,,,,,
2,1673341201277,10/01/2023 09:00:01,1673341229300,1,10/01/2023 10:00:29,89483,9,task-4t5w,,26287634,BLIND,7759923,,complete,,,computer,Desktop or Laptop,Windows 10,Edge 108.0.1462.76,1366x768,1319x657,Passed_Trials,AliceIntroVideos,12,DiagrammingOnly,,,,,,,Passed_Intro,Passed_Practice,Passed_Trials,AliceImmediateDiagrammingOnly,AliceImmediateDiagrammingOnly,1,1,1,Video,Zone1,content_video,185109.6000000001,,,,,0,1,0,,,,,,AliceImmediateDiagrammingOnly,,,
3,1673341201340,10/01/2023 09:00:01,1673341229309,1,10/01/2023 10:00:29,89483,9,task-4t5w,,26287634,BLIND,7759923,,complete,,,computer,Desktop or Laptop,Windows 10,Edge 108.0.1462.76,1366x768,1319x657,Passed_Trials,AliceIntroVideos,12,DiagrammingOnly,,,,,,,Passed_Intro,Passed_Practice,Passed_Trials,AliceImmediateDiagrammingOnly,,,END TASK,,,,,185864,,,,,0,1,0,,,,,,,,,
1,1673341067658,10/01/2023 08:57:47,1673341070714,1,10/01/2023 09:57:50,89483,9,task-4t5w,,26287654,BLIND,7759924,,complete,,,computer,Desktop or Laptop,Windows 10,Chrome 108.0.0.0,1366x768,1366x657,Passed_Trials,AliceIntroVideos,12,DiagrammingOnly,,,,,,,Passed_Intro,Passed_Practice,Passed_Trials,AliceImmediateDiagrammingOnly,,,BEGIN TASK,,,,,,,,,,0,1,0,,,,,,,,,
2,1673341259113,10/01/2023 09:00:59,1673341262120,1,10/01/2023 10:01:02,89483,9,task-4t5w,,26287654,BLIND,7759924,,complete,,,computer,Desktop or Laptop,Windows 10,Chrome 108.0.0.0,1366x768,1366x657,Passed_Trials,AliceIntroVideos,12,DiagrammingOnly,,,,,,,Passed_Intro,Passed_Practice,Passed_Trials,AliceImmediateDiagrammingOnly,AliceImmediateDiagrammingOnly,1,1,1,Video,Zone1,content_video,184929.09999999404,,,,,0,1,0,,,,,,AliceImmediateDiagrammingOnly,,,
3,1673341259204,10/01/2023 09:00:59,1673341262142,1,10/01/2023 10:01:02,89483,9,task-4t5w,,26287654,BLIND,7759924,,complete,,,computer,Desktop or Laptop,Windows 10,Chrome 108.0.0.0,1366x768,1366x657,Passed_Trials,AliceIntroVideos,12,DiagrammingOnly,,,,,,,Passed_Intro,Passed_Practice,Passed_Trials,AliceImmediateDiagrammingOnly,,,END TASK,,,,,191428,,,,,0,1,0,,,,,,,,,
1,1673341107368,10/01/2023 08:58:27,1673341108469,1,10/01/2023 09:58:28,89483,9,task-4t5w,,26287666,BLIND,7759918,,complete,,,computer,Desktop or Laptop,Windows 10,Edge 108.0.1462.76,1366x768,1366x768,Passed_Trials,AliceIntroVideos,12,DiagrammingOnly,,,,,,,Passed_Intro,Passed_Practice,Passed_Trials,AliceImmediateDiagrammingOnly,,,BEGIN TASK,,,,,,,,,,0,1,0,,,,,,,,,
2,1673341293302,10/01/2023 09:01:33,1673341294385,1,10/01/2023 10:01:34,89483,9,task-4t5w,,26287666,BLIND,7759918,,complete,,,computer,Desktop or Laptop,Windows 10,Edge 108.0.1462.76,1366x768,1366x768,Passed_Trials,AliceIntroVideos,12,DiagrammingOnly,,,,,,,Passed_Intro,Passed_Practice,Passed_Trials,AliceImmediateDiagrammingOnly,AliceImmediateDiagrammingOnly,1,1,1,Video,Zone1,content_video,184999.10000014305,,,,,0,1,0,,,,,,AliceImmediateDiagrammingOnly,,,
3,1673341293366,10/01/2023 09:01:33,1673341294395,1,10/01/2023 10:01:34,89483,9,task-4t5w,,26287666,BLIND,7759918,,complete,,,computer,Desktop or Laptop,Windows 10,Edge 108.0.1462.76,1366x768,1366x768,Passed_Trials,AliceIntroVideos,12,DiagrammingOnly,,,,,,,Passed_Intro,Passed_Practice,Passed_Trials,AliceImmediateDiagrammingOnly,,,END TASK,,,,,185926,,,,,0,1,0,,,,,,,,,
1,1673341153386,10/01/2023 08:59:13,1673341153286,1,10/01/2023 09:59:13,89483,9,task-4t5w,,26287677,BLIND,7759936,,complete,,,computer,Desktop or Laptop,Mac OS 10.15.7,Chrome 108.0.0.0,1440x900,1199x582,Passed_Trials,AliceIntroVideos,12,DiagrammingOnly,,,,,,,Passed_Intro,Passed_Practice,Passed_Trials,AliceImmediateDiagrammingOnly,,,BEGIN TASK,,,,,,,,,,0,1,0,,,,,,,,,
2,1673341338702,10/01/2023 09:02:18,1673341338606,1,10/01/2023 10:02:18,89483,9,task-4t5w,,26287677,BLIND,7759936,,complete,,,computer,Desktop or Laptop,Mac OS 10.15.7,Chrome 108.0.0.0,1440x900,1440x821,Passed_Trials,AliceIntroVideos,12,DiagrammingOnly,,,,,,,Passed_Intro,Passed_Practice,Passed_Trials,AliceImmediateDiagrammingOnly,AliceImmediateDiagrammingOnly,1,1,1,Video,Zone1,content_video,184782.09999999998,,,,,0,1,0,,,,,,AliceImmediateDiagrammingOnly,,,
3,1673341338768,10/01/2023 09:02:18,1673341338611,1,10/01/2023 10:02:18,89483,9,task-4t5w,,26287677,BLIND,7759936,,complete,,,computer,Desktop or Laptop,Mac OS 10.15.7,Chrome 108.0.0.0,1440x900,1440x821,Passed_Trials,AliceIntroVideos,12,DiagrammingOnly,,,,,,,Passed_Intro,Passed_Practice,Passed_Trials,AliceImmediateDiagrammingOnly,,,END TASK,,,,,185325,,,,,0,1,0,,,,,,,,,
1,1673341206383,10/01/2023 09:00:06,1673341287631,1,10/01/2023 10:01:27,89483,9,task-4t5w,,26287687,BLIND,7759935,,complete,,,computer,Desktop or Laptop,Windows 10,Chrome 108.0.0.0,1366x768,1366x657,Passed_Trials,AliceIntroVideos,12,DiagrammingOnly,,,,,,,Passed_Intro,Passed_Practice,Passed_Trials,AliceImmediateDiagrammingOnly,,,BEGIN TASK,,,,,,,,,,0,1,0,,,,,,,,,
2,1673341392502,10/01/2023 09:03:12,1673341473739,1,10/01/2023 10:04:33,89483,9,task-4t5w,,26287687,BLIND,7759935,,complete,,,computer,Desktop or Laptop,Windows 10,Chrome 108.0.0.0,1366x768,1366x657,Passed_Trials,AliceIntroVideos,12,DiagrammingOnly,,,,,,,Passed_Intro,Passed_Practice,Passed_Trials,AliceImmediateDiagrammingOnly,AliceImmediateDiagrammingOnly,1,1,1,Video,Zone1,content_video,185261.10000000003,,,,,0,1,0,,,,,,AliceImmediateDiagrammingOnly,,,
3,1673341392594,10/01/2023 09:03:12,1673341473758,1,10/01/2023 10:04:33,89483,9,task-4t5w,,26287687,BLIND,7759935,,complete,,,computer,Desktop or Laptop,Windows 10,Chrome 108.0.0.0,1366x768,1366x657,Passed_Trials,AliceIntroVideos,12,DiagrammingOnly,,,,,,,Passed_Intro,Passed_Practice,Passed_Trials,AliceImmediateDiagrammingOnly,,,END TASK,,,,,186127,,,,,0,1,0,,,,,,,,,
1,1673344863687,10/01/2023 10:01:03,1673344868645,1,10/01/2023 11:01:08,89483,9,task-4t5w,,26288614,BLIND,7760181,,complete,,,computer,Desktop or Laptop,Windows 10,Chrome 108.0.0.0,1366x768,1366x657,Passed_Trials,AliceIntroVideos,12,DiagrammingOnly,,,,,,,Passed_Intro,Passed_Practice,Passed_Trials,AliceImmediateDiagrammingOnly,,,BEGIN TASK,,,,,,,,,,0,1,0,,,,,,,,,
2,1673345048887,10/01/2023 10:04:08,1673345053778,1,10/01/2023 11:04:13,89483,9,task-4t5w,,26288614,BLIND,7760181,,complete,,,computer,Desktop or Laptop,Windows 10,Chrome 108.0.0.0,1366x768,1366x657,Passed_Trials,AliceIntroVideos,12,DiagrammingOnly,,,,,,,Passed_Intro,Passed_Practice,Passed_Trials,AliceImmediateDiagrammingOnly,AliceImmediateDiagrammingOnly,1,1,1,Video,Zone1,content_video,184765.90000009537,,,,,0,1,0,,,,,,AliceImmediateDiagrammingOnly,,,
3,1673345049125,10/01/2023 10:04:09,1673345053784,1,10/01/2023 11:04:13,89483,9,task-4t5w,,26288614,BLIND,7760181,,complete,,,computer,Desktop or Laptop,Windows 10,Chrome 108.0.0.0,1366x768,1366x657,Passed_Trials,AliceIntroVideos,12,DiagrammingOnly,,,,,,,Passed_Intro,Passed_Practice,Passed_Trials,AliceImmediateDiagrammingOnly,,,END TASK,,,,,185139,,,,,0,1,0,,,,,,,,,
1,1673344895833,10/01/2023 10:01:35,1673344896692,1,10/01/2023 11:01:36,89483,9,task-4t5w,,26288639,BLIND,7760187,,complete,,,computer,Desktop or Laptop,Windows 10,Chrome 108.0.0.0,1366x768,1366x617,Passed_Trials,AliceIntroVideos,12,DiagrammingOnly,,,,,,,Passed_Intro,Passed_Practice,Passed_Trials,AliceImmediateDiagrammingOnly,,,BEGIN TASK,,,,,,,,,,0,1,0,,,,,,,,,
2,1673345082282,10/01/2023 10:04:42,1673345083111,1,10/01/2023 11:04:43,89483,9,task-4t5w,,26288639,BLIND,7760187,,complete,,,computer,Desktop or Laptop,Windows 10,Chrome 108.0.0.0,1366x768,1366x617,Passed_Trials,AliceIntroVideos,12,DiagrammingOnly,,,,,,,Passed_Intro,Passed_Practice,Passed_Trials,AliceImmediateDiagrammingOnly,AliceImmediateDiagrammingOnly,1,1,1,Video,Zone1,content_video,185570.90000009537,,,,,0,1,0,,,,,,AliceImmediateDiagrammingOnly,,,
3,1673345082356,10/01/2023 10:04:42,1673345083127,1,10/01/2023 11:04:43,89483,9,task-4t5w,,26288639,BLIND,7760187,,complete,,,computer,Desktop or Laptop,Windows 10,Chrome 108.0.0.0,1366x768,1366x617,Passed_Trials,AliceIntroVideos,12,DiagrammingOnly,,,,,,,Passed_Intro,Passed_Practice,Passed_Trials,AliceImmediateDiagrammingOnly,,,END TASK,,,,,186435,,,,,0,1,0,,,,,,,,,
1,1673344898881,10/01/2023 10:01:38,1673344900167,1,10/01/2023 11:01:40,89483,9,task-4t5w,,26288643,BLIND,7760180,,complete,,,computer,Desktop or Laptop,Windows 10,Chrome 108.0.0.0,1536x864,1536x722,Passed_Trials,AliceIntroVideos,12,DiagrammingOnly,,,,,,,Passed_Intro,Passed_Practice,Passed_Trials,AliceImmediateDiagrammingOnly,,,BEGIN TASK,,,,,,,,,,0,1,0,,,,,,,,,
2,1673345084167,10/01/2023 10:04:44,1673345085420,1,10/01/2023 11:04:45,89483,9,task-4t5w,,26288643,BLIND,7760180,,complete,,,computer,Desktop or Laptop,Windows 10,Chrome 108.0.0.0,1536x864,1519x722,Passed_Trials,AliceIntroVideos,12,DiagrammingOnly,,,,,,,Passed_Intro,Passed_Practice,Passed_Trials,AliceImmediateDiagrammingOnly,AliceImmediateDiagrammingOnly,1,1,1,Video,Zone1,content_video,184799.30000019073,,,,,0,1,0,,,,,,AliceImmediateDiagrammingOnly,,,
3,1673345084245,10/01/2023 10:04:44,1673345085425,1,10/01/2023 11:04:45,89483,9,task-4t5w,,26288643,BLIND,7760180,,complete,,,computer,Desktop or Laptop,Windows 10,Chrome 108.0.0.0,1536x864,1519x722,Passed_Trials,AliceIntroVideos,12,DiagrammingOnly,,,,,,,Passed_Intro,Passed_Practice,Passed_Trials,AliceImmediateDiagrammingOnly,,,END TASK,,,,,185258,,,,,0,1,0,,,,,,,,,
1,1673344933317,10/01/2023 10:02:13,1673344934461,1,10/01/2023 11:02:14,89483,9,task-4t5w,,26288677,BLIND,7760197,,complete,,,computer,Desktop or Laptop,Windows 10,Chrome 108.0.0.0,1366x768,1366x617,Passed_Trials,AliceIntroVideos,12,DiagrammingOnly,,,,,,,Passed_Intro,Passed_Practice,Passed_Trials,AliceImmediateDiagrammingOnly,,,BEGIN TASK,,,,,,,,,,0,1,0,,,,,,,,,
2,1673345119068,10/01/2023 10:05:19,1673345120217,1,10/01/2023 11:05:20,89483,9,task-4t5w,,26288677,BLIND,7760197,,complete,,,computer,Desktop or Laptop,Windows 10,Chrome 108.0.0.0,1366x768,1366x617,Passed_Trials,AliceIntroVideos,12,DiagrammingOnly,,,,,,,Passed_Intro,Passed_Practice,Passed_Trials,AliceImmediateDiagrammingOnly,AliceImmediateDiagrammingOnly,1,1,1,Video,Zone1,content_video,185170.69999980927,,,,,0,1,0,,,,,,AliceImmediateDiagrammingOnly,,,
3,1673345119133,10/01/2023 10:05:19,1673345120226,1,10/01/2023 11:05:20,89483,9,task-4t5w,,26288677,BLIND,7760197,,complete,,,computer,Desktop or Laptop,Windows 10,Chrome 108.0.0.0,1366x768,1366x617,Passed_Trials,AliceIntroVideos,12,DiagrammingOnly,,,,,,,Passed_Intro,Passed_Practice,Passed_Trials,AliceImmediateDiagrammingOnly,,,END TASK,,,,,185764,,,,,0,1,0,,,,,,,,,
1,1673344977545,10/01/2023 10:02:57,1673344977775,1,10/01/2023 11:02:57,89483,9,task-4t5w,,26288730,BLIND,7760214,,complete,,,computer,Desktop or Laptop,Windows 10,Chrome 108.0.0.0,1366x768,1366x657,Passed_Trials,AliceIntroVideos,12,DiagrammingOnly,,,,,,,Passed_Intro,Passed_Practice,Passed_Trials,AliceImmediateDiagrammingOnly,,,BEGIN TASK,,,,,,,,,,0,1,0,,,,,,,,,
2,1673345163852,10/01/2023 10:06:03,1673345164038,1,10/01/2023 11:06:04,89483,9,task-4t5w,,26288730,BLIND,7760214,,complete,,,computer,Desktop or Laptop,Windows 10,Chrome 108.0.0.0,1366x768,1366x657,Passed_Trials,AliceIntroVideos,12,DiagrammingOnly,,,,,,,Passed_Intro,Passed_Practice,Passed_Trials,AliceImmediateDiagrammingOnly,AliceImmediateDiagrammingOnly,1,1,1,Video,Zone1,content_video,185157.5,,,,,0,1,0,,,,,,AliceImmediateDiagrammingOnly,,,
3,1673345163905,10/01/2023 10:06:03,1673345164048,1,10/01/2023 11:06:04,89483,9,task-4t5w,,26288730,BLIND,7760214,,complete,,,computer,Desktop or Laptop,Windows 10,Chrome 108.0.0.0,1366x768,1366x657,Passed_Trials,AliceIntroVideos,12,DiagrammingOnly,,,,,,,Passed_Intro,Passed_Practice,Passed_Trials,AliceImmediateDiagrammingOnly,,,END TASK,,,,,186273,,,,,0,1,0,,,,,,,,,
1,1673344987594,10/01/2023 10:03:07,1673344989477,1,10/01/2023 11:03:09,89483,9,task-4t5w,,26288748,BLIND,7760195,,complete,,,computer,Desktop or Laptop,Windows 10,Chrome 108.0.0.0,1536x864,1536x714,Passed_Trials,AliceIntroVideos,12,DiagrammingOnly,,,,,,,Passed_Intro,Passed_Practice,Passed_Trials,AliceImmediateDiagrammingOnly,,,BEGIN TASK,,,,,,,,,,0,1,0,,,,,,,,,
2,1673345174909,10/01/2023 10:06:14,1673345176756,1,10/01/2023 11:06:16,89483,9,task-4t5w,,26288748,BLIND,7760195,,complete,,,computer,Desktop or Laptop,Windows 10,Chrome 108.0.0.0,1536x864,1519x714,Passed_Trials,AliceIntroVideos,12,DiagrammingOnly,,,,,,,Passed_Intro,Passed_Practice,Passed_Trials,AliceImmediateDiagrammingOnly,AliceImmediateDiagrammingOnly,1,1,1,Video,Zone1,content_video,185281.69999998808,,,,,0,1,0,,,,,,AliceImmediateDiagrammingOnly,,,
3,1673345175001,10/01/2023 10:06:15,1673345176784,1,10/01/2023 11:06:16,89483,9,task-4t5w,,26288748,BLIND,7760195,,complete,,,computer,Desktop or Laptop,Windows 10,Chrome 108.0.0.0,1536x864,1519x714,Passed_Trials,AliceIntroVideos,12,DiagrammingOnly,,,,,,,Passed_Intro,Passed_Practice,Passed_Trials,AliceImmediateDiagrammingOnly,,,END TASK,,,,,187308,,,,,0,1,0,,,,,,,,,
1,1673513848284,12/01/2023 08:57:28,1673513902055,1,12/01/2023 09:58:22,89483,9,task-4t5w,,26336106,BLIND,7775310,,complete,,,computer,Desktop or Laptop,Windows 10,Edge 108.0.1462.76,1366x768,1319x657,Passed_Trials,AliceIntroVideos,12,DiagrammingOnly,,,,,,,Passed_Intro,Passed_Practice,Passed_Trials,AliceImmediateDiagrammingOnly,,,BEGIN TASK,,,,,,,,,,0,1,0,,,,,,,,,
2,1673514034060,12/01/2023 09:00:34,1673514087822,1,12/01/2023 10:01:27,89483,9,task-4t5w,,26336106,BLIND,7775310,,complete,,,computer,Desktop or Laptop,Windows 10,Edge 108.0.1462.76,1366x768,1319x657,Passed_Trials,AliceIntroVideos,12,DiagrammingOnly,,,,,,,Passed_Intro,Passed_Practice,Passed_Trials,AliceImmediateDiagrammingOnly,AliceImmediateDiagrammingOnly,1,1,1,Video,Zone1,content_video,185077.8,,,,,0,1,0,,,,,,AliceImmediateDiagrammingOnly,,,
3,1673514034136,12/01/2023 09:00:34,1673514087829,1,12/01/2023 10:01:27,89483,9,task-4t5w,,26336106,BLIND,7775310,,complete,,,computer,Desktop or Laptop,Windows 10,Edge 108.0.1462.76,1366x768,1319x657,Passed_Trials,AliceIntroVideos,12,DiagrammingOnly,,,,,,,Passed_Intro,Passed_Practice,Passed_Trials,AliceImmediateDiagrammingOnly,,,END TASK,,,,,185773,,,,,0,1,0,,,,,,,,,
1,1673513858959,12/01/2023 08:57:38,1673514128179,1,12/01/2023 10:02:08,89483,9,task-4t5w,,26336112,BLIND,7775315,,complete,,,computer,Desktop or Laptop,Windows 10,Chrome 108.0.0.0,1366x768,1366x625,Passed_Trials,AliceIntroVideos,12,DiagrammingOnly,,,,,,,Passed_Intro,Passed_Practice,Passed_Trials,AliceImmediateDiagrammingOnly,,,BEGIN TASK,,,,,,,,,,0,1,0,,,,,,,,,
2,1673514045035,12/01/2023 09:00:45,1673514314229,1,12/01/2023 10:05:14,89483,9,task-4t5w,,26336112,BLIND,7775315,,complete,,,computer,Desktop or Laptop,Windows 10,Chrome 108.0.0.0,1366x768,1366x625,Passed_Trials,AliceIntroVideos,12,DiagrammingOnly,,,,,,,Passed_Intro,Passed_Practice,Passed_Trials,AliceImmediateDiagrammingOnly,AliceImmediateDiagrammingOnly,1,1,1,Video,Zone1,content_video,185285,,,,,0,1,0,,,,,,AliceImmediateDiagrammingOnly,,,
3,1673514045097,12/01/2023 09:00:45,1673514314239,1,12/01/2023 10:05:14,89483,9,task-4t5w,,26336112,BLIND,7775315,,complete,,,computer,Desktop or Laptop,Windows 10,Chrome 108.0.0.0,1366x768,1366x625,Passed_Trials,AliceIntroVideos,12,DiagrammingOnly,,,,,,,Passed_Intro,Passed_Practice,Passed_Trials,AliceImmediateDiagrammingOnly,,,END TASK,,,,,186060,,,,,0,1,0,,,,,,,,,
1,1673513938969,12/01/2023 08:58:58,1673513939527,1,12/01/2023 09:58:59,89483,9,task-4t5w,,26336128,BLIND,7775322,,complete,,,computer,Desktop or Laptop,Windows 10,Chrome 108.0.0.0,1280x720,1280x569,Passed_Trials,AliceIntroVideos,12,DiagrammingOnly,,,,,,,Passed_Intro,Passed_Practice,Passed_Trials,AliceImmediateDiagrammingOnly,,,BEGIN TASK,,,,,,,,,,0,1,0,,,,,,,,,
2,1673514128578,12/01/2023 09:02:08,1673514129196,1,12/01/2023 10:02:09,89483,9,task-4t5w,,26336128,BLIND,7775322,,complete,,,computer,Desktop or Laptop,Windows 10,Chrome 108.0.0.0,1280x720,1280x569,Passed_Trials,AliceIntroVideos,12,DiagrammingOnly,,,,,,,Passed_Intro,Passed_Practice,Passed_Trials,AliceImmediateDiagrammingOnly,AliceImmediateDiagrammingOnly,1,1,1,Video,Zone1,content_video,184803.60000014305,,,,,0,1,0,,,,,,AliceImmediateDiagrammingOnly,,,
3,1673514128648,12/01/2023 09:02:08,1673514129201,1,12/01/2023 10:02:09,89483,9,task-4t5w,,26336128,BLIND,7775322,,complete,,,computer,Desktop or Laptop,Windows 10,Chrome 108.0.0.0,1280x720,1280x569,Passed_Trials,AliceIntroVideos,12,DiagrammingOnly,,,,,,,Passed_Intro,Passed_Practice,Passed_Trials,AliceImmediateDiagrammingOnly,,,END TASK,,,,,189674,,,,,0,1,0,,,,,,,,,
1,1673514008788,12/01/2023 09:00:08,1673514008999,1,12/01/2023 10:00:08,89483,9,task-4t5w,,26336148,BLIND,7775321,,complete,,,computer,Desktop or Laptop,Windows 10,Edge 108.0.1462.76,1280x720,1185x601,Passed_Trials,AliceIntroVideos,12,DiagrammingOnly,,,,,,,Passed_Intro,Passed_Practice,Passed_Trials,AliceImmediateDiagrammingOnly,,,BEGIN TASK,,,,,,,,,,0,1,0,,,,,,,,,
2,1673514194202,12/01/2023 09:03:14,1673514194473,1,12/01/2023 10:03:14,89483,9,task-4t5w,,26336148,BLIND,7775321,,complete,,,computer,Desktop or Laptop,Windows 10,Edge 108.0.1462.76,1280x720,1185x601,Passed_Trials,AliceIntroVideos,12,DiagrammingOnly,,,,,,,Passed_Intro,Passed_Practice,Passed_Trials,AliceImmediateDiagrammingOnly,AliceImmediateDiagrammingOnly,1,1,1,Video,Zone1,content_video,184913.39999999997,,,,,0,1,0,,,,,,AliceImmediateDiagrammingOnly,,,
3,1673514194279,12/01/2023 09:03:14,1673514194478,1,12/01/2023 10:03:14,89483,9,task-4t5w,,26336148,BLIND,7775321,,complete,,,computer,Desktop or Laptop,Windows 10,Edge 108.0.1462.76,1280x720,1185x601,Passed_Trials,AliceIntroVideos,12,DiagrammingOnly,,,,,,,Passed_Intro,Passed_Practice,Passed_Trials,AliceImmediateDiagrammingOnly,,,END TASK,,,,,185479,,,,,0,1,0,,,,,,,,,
1,1673514080230,12/01/2023 09:01:20,1673514081273,1,12/01/2023 10:01:21,89483,9,task-4t5w,,26336168,BLIND,7775335,,complete,,,computer,Desktop or Laptop,Windows 10,Edge 108.0.1462.76,1366x768,1319x657,Passed_Trials,AliceIntroVideos,12,DiagrammingOnly,,,,,,,Passed_Intro,Passed_Practice,Passed_Trials,AliceImmediateDiagrammingOnly,,,BEGIN TASK,,,,,,,,,,0,1,0,,,,,,,,,
2,1673514265897,12/01/2023 09:04:25,1673514266931,1,12/01/2023 10:04:26,89483,9,task-4t5w,,26336168,BLIND,7775335,,complete,,,computer,Desktop or Laptop,Windows 10,Edge 108.0.1462.76,1366x768,1319x657,Passed_Trials,AliceIntroVideos,12,DiagrammingOnly,,,,,,,Passed_Intro,Passed_Practice,Passed_Trials,AliceImmediateDiagrammingOnly,AliceImmediateDiagrammingOnly,1,1,1,Video,Zone1,content_video,185035.09999999998,,,,,0,1,0,,,,,,AliceImmediateDiagrammingOnly,,,
3,1673514265959,12/01/2023 09:04:25,1673514266944,1,12/01/2023 10:04:26,89483,9,task-4t5w,,26336168,BLIND,7775335,,complete,,,computer,Desktop or Laptop,Windows 10,Edge 108.0.1462.76,1366x768,1319x657,Passed_Trials,AliceIntroVideos,12,DiagrammingOnly,,,,,,,Passed_Intro,Passed_Practice,Passed_Trials,AliceImmediateDiagrammingOnly,,,END TASK,,,,,185671,,,,,0,1,0,,,,,,,,,
1,1675419542427,03/02/2023 10:19:02,1675419542656,1,03/02/2023 11:19:02,89483,9,task-4t5w,,26905836,BLIND,7991929,,complete,,,computer,Desktop or Laptop,Windows 7,Chrome 109.0.0.0,1366x768,1366x625,Passed_Trials,AliceIntroVideos,12,DiagrammingOnly,,,,,,,Passed_Intro,Passed_Practice,Passed_Trials,AliceImmediateDiagrammingOnly,,,BEGIN TASK,,,,,,,,,,0,1,0,,,,,,,,,
2,1675419729085,03/02/2023 10:22:09,1675419729390,1,03/02/2023 11:22:09,89483,9,task-4t5w,,26905836,BLIND,7991929,,complete,,,computer,Desktop or Laptop,Windows 7,Chrome 109.0.0.0,1366x768,1366x625,Passed_Trials,AliceIntroVideos,12,DiagrammingOnly,,,,,,,Passed_Intro,Passed_Practice,Passed_Trials,AliceImmediateDiagrammingOnly,AliceImmediateDiagrammingOnly,1,1,1,Video,Zone1,content_video,185248.4,,,,,0,1,0,,,,,,AliceImmediateDiagrammingOnly,,,
3,1675419729172,03/02/2023 10:22:09,1675419729395,1,03/02/2023 11:22:09,89483,9,task-4t5w,,26905836,BLIND,7991929,,complete,,,computer,Desktop or Laptop,Windows 7,Chrome 109.0.0.0,1366x768,1366x625,Passed_Trials,AliceIntroVideos,12,DiagrammingOnly,,,,,,,Passed_Intro,Passed_Practice,Passed_Trials,AliceImmediateDiagrammingOnly,,,END TASK,,,,,186739,,,,,0,1,0,,,,,,,,,
1,1675419594829,03/02/2023 10:19:54,1675419596234,1,03/02/2023 11:19:56,89483,9,task-4t5w,,26905872,BLIND,7991936,,complete,,,computer,Desktop or Laptop,Windows 7,Chrome 109.0.0.0,1366x768,1366x625,Passed_Trials,AliceIntroVideos,12,DiagrammingOnly,,,,,,,Passed_Intro,Passed_Practice,Passed_Trials,AliceImmediateDiagrammingOnly,,,BEGIN TASK,,,,,,,,,,0,1,0,,,,,,,,,
2,1675419781798,03/02/2023 10:23:01,1675419783163,1,03/02/2023 11:23:03,89483,9,task-4t5w,,26905872,BLIND,7991936,,complete,,,computer,Desktop or Laptop,Windows 7,Chrome 109.0.0.0,1366x768,1366x625,Passed_Trials,AliceIntroVideos,12,DiagrammingOnly,,,,,,,Passed_Intro,Passed_Practice,Passed_Trials,AliceImmediateDiagrammingOnly,AliceImmediateDiagrammingOnly,1,1,1,Video,Zone1,content_video,186174,,,,,0,1,0,,,,,,AliceImmediateDiagrammingOnly,,,
3,1675419781870,03/02/2023 10:23:01,1675419783170,1,03/02/2023 11:23:03,89483,9,task-4t5w,,26905872,BLIND,7991936,,complete,,,computer,Desktop or Laptop,Windows 7,Chrome 109.0.0.0,1366x768,1366x625,Passed_Trials,AliceIntroVideos,12,DiagrammingOnly,,,,,,,Passed_Intro,Passed_Practice,Passed_Trials,AliceImmediateDiagrammingOnly,,,END TASK,,,,,186935,,,,,0,1,0,,,,,,,,,
1,1675419620815,03/02/2023 10:20:20,1675419621037,1,03/02/2023 11:20:21,89483,9,task-4t5w,,26905880,BLIND,7991949,,complete,,,computer,Desktop or Laptop,Windows 7,Chrome 109.0.0.0,1366x768,1366x625,Passed_Trials,AliceIntroVideos,12,DiagrammingOnly,,,,,,,Passed_Intro,Passed_Practice,Passed_Trials,AliceImmediateDiagrammingOnly,,,BEGIN TASK,,,,,,,,,,0,1,0,,,,,,,,,
2,1675419807686,03/02/2023 10:23:27,1675419807892,1,03/02/2023 11:23:27,89483,9,task-4t5w,,26905880,BLIND,7991949,,complete,,,computer,Desktop or Laptop,Windows 7,Chrome 109.0.0.0,1366x768,1366x625,Passed_Trials,AliceIntroVideos,12,DiagrammingOnly,,,,,,,Passed_Intro,Passed_Practice,Passed_Trials,AliceImmediateDiagrammingOnly,AliceImmediateDiagrammingOnly,1,1,1,Video,Zone1,content_video,185592.30000000005,,,,,0,1,0,,,,,,AliceImmediateDiagrammingOnly,,,
3,1675419807769,03/02/2023 10:23:27,1675419807897,1,03/02/2023 11:23:27,89483,9,task-4t5w,,26905880,BLIND,7991949,,complete,,,computer,Desktop or Laptop,Windows 7,Chrome 109.0.0.0,1366x768,1366x625,Passed_Trials,AliceIntroVideos,12,DiagrammingOnly,,,,,,,Passed_Intro,Passed_Practice,Passed_Trials,AliceImmediateDiagrammingOnly,,,END TASK,,,,,186860,,,,,0,1,0,,,,,,,,,
1,1675419631754,03/02/2023 10:20:31,1675419631654,1,03/02/2023 11:20:31,89483,9,task-4t5w,,26905889,BLIND,7991943,,complete,,,computer,Desktop or Laptop,Windows 7,Chrome 109.0.0.0,1366x768,1366x625,Passed_Trials,AliceIntroVideos,12,DiagrammingOnly,,,,,,,Passed_Intro,Passed_Practice,Passed_Trials,AliceImmediateDiagrammingOnly,,,BEGIN TASK,,,,,,,,,,0,1,0,,,,,,,,,
2,1675419818605,03/02/2023 10:23:38,1675419818510,1,03/02/2023 11:23:38,89483,9,task-4t5w,,26905889,BLIND,7991943,,complete,,,computer,Desktop or Laptop,Windows 7,Chrome 109.0.0.0,1366x768,1366x625,Passed_Trials,AliceIntroVideos,12,DiagrammingOnly,,,,,,,Passed_Intro,Passed_Practice,Passed_Trials,AliceImmediateDiagrammingOnly,AliceImmediateDiagrammingOnly,1,1,1,Video,Zone1,content_video,185283.59999999998,,,,,0,1,0,,,,,,AliceImmediateDiagrammingOnly,,,
3,1675419818692,03/02/2023 10:23:38,1675419818514,1,03/02/2023 11:23:38,89483,9,task-4t5w,,26905889,BLIND,7991943,,complete,,,computer,Desktop or Laptop,Windows 7,Chrome 109.0.0.0,1366x768,1366x625,Passed_Trials,AliceIntroVideos,12,DiagrammingOnly,,,,,,,Passed_Intro,Passed_Practice,Passed_Trials,AliceImmediateDiagrammingOnly,,,END TASK,,,,,186860,,,,,0,1,0,,,,,,,,,
1,1675419655125,03/02/2023 10:20:55,1675419655209,1,03/02/2023 11:20:55,89483,9,task-4t5w,,26905905,BLIND,7991958,,complete,,,computer,Desktop or Laptop,Windows 10,Chrome 109.0.0.0,1366x768,1366x625,Passed_Trials,AliceIntroVideos,12,DiagrammingOnly,,,,,,,Passed_Intro,Passed_Practice,Passed_Trials,AliceImmediateDiagrammingOnly,,,BEGIN TASK,,,,,,,,,,0,1,0,,,,,,,,,
2,1675419841511,03/02/2023 10:24:01,1675419841577,1,03/02/2023 11:24:01,89483,9,task-4t5w,,26905905,BLIND,7991958,,complete,,,computer,Desktop or Laptop,Windows 10,Chrome 109.0.0.0,1366x768,1366x625,Passed_Trials,AliceIntroVideos,12,DiagrammingOnly,,,,,,,Passed_Intro,Passed_Practice,Passed_Trials,AliceImmediateDiagrammingOnly,AliceImmediateDiagrammingOnly,1,1,1,Video,Zone1,content_video,185563.8,,,,,0,1,0,,,,,,AliceImmediateDiagrammingOnly,,,
3,1675419841608,03/02/2023 10:24:01,1675419841583,1,03/02/2023 11:24:01,89483,9,task-4t5w,,26905905,BLIND,7991958,,complete,,,computer,Desktop or Laptop,Windows 10,Chrome 109.0.0.0,1366x768,1366x625,Passed_Trials,AliceIntroVideos,12,DiagrammingOnly,,,,,,,Passed_Intro,Passed_Practice,Passed_Trials,AliceImmediateDiagrammingOnly,,,END TASK,,,,,186374,,,,,0,1,0,,,,,,,,,
1,1675419764991,03/02/2023 10:22:44,1675419765212,1,03/02/2023 11:22:45,89483,9,task-4t5w,,26905970,BLIND,7991964,,complete,,,computer,Desktop or Laptop,Windows 7,Chrome 109.0.0.0,1366x768,1366x625,Passed_Trials,AliceIntroVideos,12,DiagrammingOnly,,,,,,,Passed_Intro,Passed_Practice,Passed_Trials,AliceImmediateDiagrammingOnly,,,BEGIN TASK,,,,,,,,,,0,1,0,,,,,,,,,
2,1675419789972,03/02/2023 10:23:09,1675419790235,1,03/02/2023 11:23:10,89483,9,task-4t5w,,26905970,BLIND,7991964,,complete,,,computer,Desktop or Laptop,Windows 7,Chrome 109.0.0.0,1366x768,1366x625,Passed_Trials,AliceIntroVideos,12,DiagrammingOnly,,,,,,,Passed_Intro,Passed_Practice,Passed_Trials,AliceImmediateDiagrammingOnly,,,BEGIN TASK,,,,,,,,,,0,1,0,,,,,,,,,
3,1675419978468,03/02/2023 10:26:18,1675419978491,1,03/02/2023 11:26:18,89483,9,task-4t5w,,26905970,BLIND,7991964,,complete,,,computer,Desktop or Laptop,Windows 7,Chrome 109.0.0.0,1366x768,1366x625,Passed_Trials,AliceIntroVideos,12,DiagrammingOnly,,,,,,,Passed_Intro,Passed_Practice,Passed_Trials,AliceImmediateDiagrammingOnly,AliceImmediateDiagrammingOnly,1,1,1,Video,Zone1,content_video,188092.40000000002,,,,,0,1,0,,,,,,AliceImmediateDiagrammingOnly,,,
4,1675419978539,03/02/2023 10:26:18,1675419978496,1,03/02/2023 11:26:18,89483,9,task-4t5w,,26905970,BLIND,7991964,,complete,,,computer,Desktop or Laptop,Windows 7,Chrome 109.0.0.0,1366x768,1366x625,Passed_Trials,AliceIntroVideos,12,DiagrammingOnly,,,,,,,Passed_Intro,Passed_Practice,Passed_Trials,AliceImmediateDiagrammingOnly,,,END TASK,,,,,188261,,,,,0,1,0,,,,,,,,,
1,1675419835968,03/02/2023 10:23:55,1675419836405,1,03/02/2023 11:23:56,89483,9,task-4t5w,,26906017,BLIND,7991972,,complete,,,computer,Desktop or Laptop,Windows 7,Chrome 109.0.0.0,1366x768,1366x625,Passed_Trials,AliceIntroVideos,12,DiagrammingOnly,,,,,,,Passed_Intro,Passed_Practice,Passed_Trials,AliceImmediateDiagrammingOnly,,,BEGIN TASK,,,,,,,,,,0,1,0,,,,,,,,,
2,1675420023690,03/02/2023 10:27:03,1675420024077,1,03/02/2023 11:27:04,89483,9,task-4t5w,,26906017,BLIND,7991972,,complete,,,computer,Desktop or Laptop,Windows 7,Chrome 109.0.0.0,1366x768,1366x625,Passed_Trials,AliceIntroVideos,12,DiagrammingOnly,,,,,,,Passed_Intro,Passed_Practice,Passed_Trials,AliceImmediateDiagrammingOnly,AliceImmediateDiagrammingOnly,1,1,1,Video,Zone1,content_video,186611,,,,,0,1,0,,,,,,AliceImmediateDiagrammingOnly,,,
3,1675420023754,03/02/2023 10:27:03,1675420024084,1,03/02/2023 11:27:04,89483,9,task-4t5w,,26906017,BLIND,7991972,,complete,,,computer,Desktop or Laptop,Windows 7,Chrome 109.0.0.0,1366x768,1366x625,Passed_Trials,AliceIntroVideos,12,DiagrammingOnly,,,,,,,Passed_Intro,Passed_Practice,Passed_Trials,AliceImmediateDiagrammingOnly,,,END TASK,,,,,187678,,,,,0,1,0,,,,,,,,,
1,1675422730489,03/02/2023 11:12:10,1675422730620,1,03/02/2023 12:12:10,89483,9,task-4t5w,,26907613,BLIND,7992404,,complete,,,computer,Desktop or Laptop,Windows 7,Chrome 109.0.0.0,1366x768,1366x625,Passed_Trials,AliceIntroVideos,12,DiagrammingOnly,,,,,,,Passed_Intro,Passed_Practice,Passed_Trials,AliceImmediateDiagrammingOnly,,,BEGIN TASK,,,,,,,,,,0,1,0,,,,,,,,,
2,1675422917527,03/02/2023 11:15:17,1675422917646,1,03/02/2023 12:15:17,89483,9,task-4t5w,,26907613,BLIND,7992404,,complete,,,computer,Desktop or Laptop,Windows 7,Chrome 109.0.0.0,1366x768,1366x625,Passed_Trials,AliceIntroVideos,12,DiagrammingOnly,,,,,,,Passed_Intro,Passed_Practice,Passed_Trials,AliceImmediateDiagrammingOnly,AliceImmediateDiagrammingOnly,1,1,1,Video,Zone1,content_video,186332.6,,,,,0,1,0,,,,,,AliceImmediateDiagrammingOnly,,,
3,1675422917609,03/02/2023 11:15:17,1675422917652,1,03/02/2023 12:15:17,89483,9,task-4t5w,,26907613,BLIND,7992404,,complete,,,computer,Desktop or Laptop,Windows 7,Chrome 109.0.0.0,1366x768,1366x625,Passed_Trials,AliceIntroVideos,12,DiagrammingOnly,,,,,,,Passed_Intro,Passed_Practice,Passed_Trials,AliceImmediateDiagrammingOnly,,,END TASK,,,,,187032,,,,,0,1,0,,,,,,,,,
1,1675422759861,03/02/2023 11:12:39,1675422758802,1,03/02/2023 12:12:38,89483,9,task-4t5w,,26907626,BLIND,7992410,,complete,,,computer,Desktop or Laptop,Windows 7,Chrome 109.0.0.0,1366x768,1366x625,Passed_Trials,AliceIntroVideos,12,DiagrammingOnly,,,,,,,Passed_Intro,Passed_Practice,Passed_Trials,AliceImmediateDiagrammingOnly,,,BEGIN TASK,,,,,,,,,,0,1,0,,,,,,,,,
2,1675422947799,03/02/2023 11:15:47,1675422946703,1,03/02/2023 12:15:46,89483,9,task-4t5w,,26907626,BLIND,7992410,,complete,,,computer,Desktop or Laptop,Windows 7,Chrome 109.0.0.0,1366x768,1366x625,Passed_Trials,AliceIntroVideos,12,DiagrammingOnly,,,,,,,Passed_Intro,Passed_Practice,Passed_Trials,AliceImmediateDiagrammingOnly,AliceImmediateDiagrammingOnly,1,1,1,Video,Zone1,content_video,187033.40000000002,,,,,0,1,0,,,,,,AliceImmediateDiagrammingOnly,,,
3,1675422947863,03/02/2023 11:15:47,1675422946708,1,03/02/2023 12:15:46,89483,9,task-4t5w,,26907626,BLIND,7992410,,complete,,,computer,Desktop or Laptop,Windows 7,Chrome 109.0.0.0,1366x768,1366x625,Passed_Trials,AliceIntroVideos,12,DiagrammingOnly,,,,,,,Passed_Intro,Passed_Practice,Passed_Trials,AliceImmediateDiagrammingOnly,,,END TASK,,,,,187906,,,,,0,1,0,,,,,,,,,
1,1675422791685,03/02/2023 11:13:11,1675422792252,1,03/02/2023 12:13:12,89483,9,task-4t5w,,26907640,BLIND,7992411,,complete,,,computer,Desktop or Laptop,Windows 7,Chrome 109.0.0.0,1366x768,1366x625,Passed_Trials,AliceIntroVideos,12,DiagrammingOnly,,,,,,,Passed_Intro,Passed_Practice,Passed_Trials,AliceImmediateDiagrammingOnly,,,BEGIN TASK,,,,,,,,,,0,1,0,,,,,,,,,
2,1675422979280,03/02/2023 11:16:19,1675422979494,1,03/02/2023 12:16:19,89483,9,task-4t5w,,26907640,BLIND,7992411,,complete,,,computer,Desktop or Laptop,Windows 7,Chrome 109.0.0.0,1366x768,1366x625,Passed_Trials,AliceIntroVideos,12,DiagrammingOnly,,,,,,,Passed_Intro,Passed_Practice,Passed_Trials,AliceImmediateDiagrammingOnly,AliceImmediateDiagrammingOnly,1,1,1,Video,Zone1,content_video,186214,,,,,0,1,0,,,,,,AliceImmediateDiagrammingOnly,,,
3,1675422979336,03/02/2023 11:16:19,1675422979500,1,03/02/2023 12:16:19,89483,9,task-4t5w,,26907640,BLIND,7992411,,complete,,,computer,Desktop or Laptop,Windows 7,Chrome 109.0.0.0,1366x768,1366x625,Passed_Trials,AliceIntroVideos,12,DiagrammingOnly,,,,,,,Passed_Intro,Passed_Practice,Passed_Trials,AliceImmediateDiagrammingOnly,,,END TASK,,,,,187248,,,,,0,1,0,,,,,,,,,
1,1675422981911,03/02/2023 11:16:21,1675422980825,1,03/02/2023 12:16:20,89483,9,task-4t5w,,26907740,BLIND,7992447,,complete,,,computer,Desktop or Laptop,Windows 10,Chrome 109.0.0.0,1366x768,1366x625,Passed_Trials,AliceIntroVideos,12,DiagrammingOnly,,,,,,,Passed_Intro,Passed_Practice,Passed_Trials,AliceImmediateDiagrammingOnly,,,BEGIN TASK,,,,,,,,,,0,1,0,,,,,,,,,
2,1675423169312,03/02/2023 11:19:29,1675423168215,1,03/02/2023 12:19:28,89483,9,task-4t5w,,26907740,BLIND,7992447,,complete,,,computer,Desktop or Laptop,Windows 10,Chrome 109.0.0.0,1366x768,1366x625,Passed_Trials,AliceIntroVideos,12,DiagrammingOnly,,,,,,,Passed_Intro,Passed_Practice,Passed_Trials,AliceImmediateDiagrammingOnly,AliceImmediateDiagrammingOnly,1,1,1,Video,Zone1,content_video,186477.09999999998,,,,,0,1,0,,,,,,AliceImmediateDiagrammingOnly,,,
3,1675423169383,03/02/2023 11:19:29,1675423168222,1,03/02/2023 12:19:28,89483,9,task-4t5w,,26907740,BLIND,7992447,,complete,,,computer,Desktop or Laptop,Windows 10,Chrome 109.0.0.0,1366x768,1366x625,Passed_Trials,AliceIntroVideos,12,DiagrammingOnly,,,,,,,Passed_Intro,Passed_Practice,Passed_Trials,AliceImmediateDiagrammingOnly,,,END TASK,,,,,187397,,,,,0,1,0,,,,,,,,,
1,1675422861993,03/02/2023 11:14:21,1675422862459,1,03/02/2023 12:14:22,89483,9,task-4t5w,,26907674,BLIND,7992422,,complete,,,computer,Desktop or Laptop,Windows 7,Chrome 109.0.0.0,1366x768,1366x625,Passed_Trials,AliceIntroVideos,12,DiagrammingOnly,,,,,,,Passed_Intro,Passed_Practice,Passed_Trials,AliceImmediateDiagrammingOnly,,,BEGIN TASK,,,,,,,,,,0,1,0,,,,,,,,,
2,1675423050226,03/02/2023 11:17:30,1675423050655,1,03/02/2023 12:17:30,89483,9,task-4t5w,,26907674,BLIND,7992422,,complete,,,computer,Desktop or Laptop,Windows 7,Chrome 109.0.0.0,1366x768,1366x625,Passed_Trials,AliceIntroVideos,12,DiagrammingOnly,,,,,,,Passed_Intro,Passed_Practice,Passed_Trials,AliceImmediateDiagrammingOnly,AliceImmediateDiagrammingOnly,1,1,1,Video,Zone1,content_video,187607.79999999993,,,,,0,1,0,,,,,,AliceImmediateDiagrammingOnly,,,
3,1675423050318,03/02/2023 11:17:30,1675423050661,1,03/02/2023 12:17:30,89483,9,task-4t5w,,26907674,BLIND,7992422,,complete,,,computer,Desktop or Laptop,Windows 7,Chrome 109.0.0.0,1366x768,1366x625,Passed_Trials,AliceIntroVideos,12,DiagrammingOnly,,,,,,,Passed_Intro,Passed_Practice,Passed_Trials,AliceImmediateDiagrammingOnly,,,END TASK,,,,,188202,,,,,0,1,0,,,,,,,,,
1,1675419704759,03/02/2023 10:21:44,1675419705408,1,03/02/2023 11:21:45,89483,9,task-4t5w,,26905928,BLIND,7991955,,complete,,,computer,Desktop or Laptop,Windows 7,Chrome 109.0.0.0,1366x768,1366x625,Passed_Trials,AliceIntroVideos,12,DiagrammingOnly,,,,,,,Passed_Intro,Passed_Practice,Passed_Trials,AliceImmediateDiagrammingOnly,,,BEGIN TASK,,,,,,,,,,0,1,0,,,,,,,,,
2,1675419891248,03/02/2023 10:24:51,1675419891875,1,03/02/2023 11:24:51,89483,9,task-4t5w,,26905928,BLIND,7991955,,complete,,,computer,Desktop or Laptop,Windows 7,Chrome 109.0.0.0,1366x768,1366x625,Passed_Trials,AliceIntroVideos,12,DiagrammingOnly,,,,,,,Passed_Intro,Passed_Practice,Passed_Trials,AliceImmediateDiagrammingOnly,AliceImmediateDiagrammingOnly,1,1,1,Video,Zone1,content_video,185356.7,,,,,0,1,0,,,,,,AliceImmediateDiagrammingOnly,,,
3,1675419891307,03/02/2023 10:24:51,1675419891881,1,03/02/2023 11:24:51,89483,9,task-4t5w,,26905928,BLIND,7991955,,complete,,,computer,Desktop or Laptop,Windows 7,Chrome 109.0.0.0,1366x768,1366x625,Passed_Trials,AliceIntroVideos,12,DiagrammingOnly,,,,,,,Passed_Intro,Passed_Practice,Passed_Trials,AliceImmediateDiagrammingOnly,,,END TASK,,,,,186473,,,,,0,1,0,,,,,,,,,
1,1675419521807,03/02/2023 10:18:41,1675419519726,1,03/02/2023 11:18:39,89483,9,task-4t5w,,26905817,BLIND,7991928,,complete,,,computer,Desktop or Laptop,Windows 7,Chrome 109.0.0.0,1366x768,1366x625,Passed_Trials,AliceIntroVideos,12,DiagrammingOnly,,,,,,,Passed_Intro,Passed_Practice,Passed_Trials,AliceImmediateDiagrammingOnly,,,BEGIN TASK,,,,,,,,,,0,1,0,,,,,,,,,
2,1675419708001,03/02/2023 10:21:48,1675419705947,1,03/02/2023 11:21:45,89483,9,task-4t5w,,26905817,BLIND,7991928,,complete,,,computer,Desktop or Laptop,Windows 7,Chrome 109.0.0.0,1366x768,1366x625,Passed_Trials,AliceIntroVideos,12,DiagrammingOnly,,,,,,,Passed_Intro,Passed_Practice,Passed_Trials,AliceImmediateDiagrammingOnly,AliceImmediateDiagrammingOnly,1,1,1,Video,Zone1,content_video,185203.40000000002,,,,,0,1,0,,,,,,AliceImmediateDiagrammingOnly,,,
3,1675419708077,03/02/2023 10:21:48,1675419705952,1,03/02/2023 11:21:45,89483,9,task-4t5w,,26905817,BLIND,7991928,,complete,,,computer,Desktop or Laptop,Windows 7,Chrome 109.0.0.0,1366x768,1366x625,Passed_Trials,AliceIntroVideos,12,DiagrammingOnly,,,,,,,Passed_Intro,Passed_Practice,Passed_Trials,AliceImmediateDiagrammingOnly,,,END TASK,,,,,186225,,,,,0,1,0,,,,,,,,,
1,1673513963778,12/01/2023 08:59:23,1673513964936,1,12/01/2023 09:59:24,89483,9,task-4t5w,,26336135,BLIND,7775327,,complete,,,computer,Desktop or Laptop,Windows 10,Edge 108.0.1462.76,1366x768,1319x657,Passed_Trials,AliceIntroVideos,12,DiagrammingOnly,,,,,,,Passed_Intro,Passed_Practice,Passed_Trials,AliceImmediateDiagrammingOnly,,,BEGIN TASK,,,,,,,,,,0,1,0,,,,,,,,,
2,1673514149726,12/01/2023 09:02:29,1673514150896,1,12/01/2023 10:02:30,89483,9,task-4t5w,,26336135,BLIND,7775327,,complete,,,computer,Desktop or Laptop,Windows 10,Edge 108.0.1462.76,1366x768,1319x657,Passed_Trials,AliceIntroVideos,12,DiagrammingOnly,,,,,,,Passed_Intro,Passed_Practice,Passed_Trials,AliceImmediateDiagrammingOnly,AliceImmediateDiagrammingOnly,1,1,1,Video,Zone1,content_video,185183.69999999995,,,,,0,1,0,,,,,,AliceImmediateDiagrammingOnly,,,
3,1673514149798,12/01/2023 09:02:29,1673514150912,1,12/01/2023 10:02:30,89483,9,task-4t5w,,26336135,BLIND,7775327,,complete,,,computer,Desktop or Laptop,Windows 10,Edge 108.0.1462.76,1366x768,1319x657,Passed_Trials,AliceIntroVideos,12,DiagrammingOnly,,,,,,,Passed_Intro,Passed_Practice,Passed_Trials,AliceImmediateDiagrammingOnly,,,END TASK,,,,,185976,,,,,0,1,0,,,,,,,,,
1,1673345018702,10/01/2023 10:03:38,1673345018607,1,10/01/2023 11:03:38,89483,9,task-4t5w,,26288802,BLIND,7760243,,complete,,,computer,Desktop or Laptop,Windows 10,Chrome 107.0.0.0,1366x768,1366x617,Passed_Trials,AliceIntroVideos,12,DiagrammingOnly,,,,,,,Passed_Intro,Passed_Practice,Passed_Trials,AliceImmediateDiagrammingOnly,,,BEGIN TASK,,,,,,,,,,0,1,0,,,,,,,,,
2,1673345205315,10/01/2023 10:06:45,1673345205081,1,10/01/2023 11:06:45,89483,9,task-4t5w,,26288802,BLIND,7760243,,complete,,,computer,Desktop or Laptop,Windows 10,Chrome 107.0.0.0,1366x768,1366x617,Passed_Trials,AliceIntroVideos,12,DiagrammingOnly,,,,,,,Passed_Intro,Passed_Practice,Passed_Trials,AliceImmediateDiagrammingOnly,AliceImmediateDiagrammingOnly,1,1,1,Video,Zone1,content_video,185395.59999990463,,,,,0,1,0,,,,,,AliceImmediateDiagrammingOnly,,,
3,1673345205394,10/01/2023 10:06:45,1673345205238,1,10/01/2023 11:06:45,89483,9,task-4t5w,,26288802,BLIND,7760243,,complete,,,computer,Desktop or Laptop,Windows 10,Chrome 107.0.0.0,1366x768,1366x617,Passed_Trials,AliceIntroVideos,12,DiagrammingOnly,,,,,,,Passed_Intro,Passed_Practice,Passed_Trials,AliceImmediateDiagrammingOnly,,,END TASK,,,,,186631,,,,,0,1,0,,,,,,,,,
1,1673344957742,10/01/2023 10:02:37,1673344958469,1,10/01/2023 11:02:38,89483,9,task-4t5w,,26288700,BLIND,7760207,,complete,,,computer,Desktop or Laptop,Windows 10,Chrome 108.0.0.0,1366x768,1366x649,Passed_Trials,AliceIntroVideos,12,DiagrammingOnly,,,,,,,Passed_Intro,Passed_Practice,Passed_Trials,AliceImmediateDiagrammingOnly,,,BEGIN TASK,,,,,,,,,,0,1,0,,,,,,,,,
2,1673345143890,10/01/2023 10:05:43,1673345144608,1,10/01/2023 11:05:44,89483,9,task-4t5w,,26288700,BLIND,7760207,,complete,,,computer,Desktop or Laptop,Windows 10,Chrome 108.0.0.0,1366x768,1366x649,Passed_Trials,AliceIntroVideos,12,DiagrammingOnly,,,,,,,Passed_Intro,Passed_Practice,Passed_Trials,AliceImmediateDiagrammingOnly,AliceImmediateDiagrammingOnly,1,1,1,Video,Zone1,content_video,185088.7999997139,,,,,0,1,0,,,,,,AliceImmediateDiagrammingOnly,,,
3,1673345143947,10/01/2023 10:05:43,1673345144614,1,10/01/2023 11:05:44,89483,9,task-4t5w,,26288700,BLIND,7760207,,complete,,,computer,Desktop or Laptop,Windows 10,Chrome 108.0.0.0,1366x768,1366x649,Passed_Trials,AliceIntroVideos,12,DiagrammingOnly,,,,,,,Passed_Intro,Passed_Practice,Passed_Trials,AliceImmediateDiagrammingOnly,,,END TASK,,,,,186145,,,,,0,1,0,,,,,,,,,
1,1673344927666,10/01/2023 10:02:07,1673344946267,1,10/01/2023 11:02:26,89483,9,task-4t5w,,26288671,BLIND,7760190,,complete,,,computer,Desktop or Laptop,Windows 10,Chrome 108.0.0.0,1366x768,1366x625,Passed_Trials,AliceIntroVideos,12,DiagrammingOnly,,,,,,,Passed_Intro,Passed_Practice,Passed_Trials,AliceImmediateDiagrammingOnly,,,BEGIN TASK,,,,,,,,,,0,1,0,,,,,,,,,
2,1673345114210,10/01/2023 10:05:14,1673345132786,1,10/01/2023 11:05:32,89483,9,task-4t5w,,26288671,BLIND,7760190,,complete,,,computer,Desktop or Laptop,Windows 10,Chrome 108.0.0.0,1366x768,1366x625,Passed_Trials,AliceIntroVideos,12,DiagrammingOnly,,,,,,,Passed_Intro,Passed_Practice,Passed_Trials,AliceImmediateDiagrammingOnly,AliceImmediateDiagrammingOnly,1,1,1,Video,Zone1,content_video,185158.19999980927,,,,,0,1,0,,,,,,AliceImmediateDiagrammingOnly,,,
3,1673345114264,10/01/2023 10:05:14,1673345132791,1,10/01/2023 11:05:32,89483,9,task-4t5w,,26288671,BLIND,7760190,,complete,,,computer,Desktop or Laptop,Windows 10,Chrome 108.0.0.0,1366x768,1366x625,Passed_Trials,AliceIntroVideos,12,DiagrammingOnly,,,,,,,Passed_Intro,Passed_Practice,Passed_Trials,AliceImmediateDiagrammingOnly,,,END TASK,,,,,186524,,,,,0,1,0,,,,,,,,,
1,1673341043617,10/01/2023 08:57:23,1673341054385,1,10/01/2023 09:57:34,89483,9,task-4t5w,,26287642,BLIND,7759933,,complete,,,computer,Desktop or Laptop,Windows 10,Edge 108.0.1462.54,1366x768,1319x649,Passed_Trials,AliceIntroVideos,12,DiagrammingOnly,,,,,,,Passed_Intro,Passed_Practice,Passed_Trials,AliceImmediateDiagrammingOnly,,,BEGIN TASK,,,,,,,,,,0,1,0,,,,,,,,,
2,1673341229332,10/01/2023 09:00:29,1673341240067,1,10/01/2023 10:00:40,89483,9,task-4t5w,,26287642,BLIND,7759933,,complete,,,computer,Desktop or Laptop,Windows 10,Edge 108.0.1462.54,1366x768,1319x649,Passed_Trials,AliceIntroVideos,12,DiagrammingOnly,,,,,,,Passed_Intro,Passed_Practice,Passed_Trials,AliceImmediateDiagrammingOnly,AliceImmediateDiagrammingOnly,1,1,1,Video,Zone1,content_video,185111.5,,,,,0,1,0,,,,,,AliceImmediateDiagrammingOnly,,,
3,1673341229414,10/01/2023 09:00:29,1673341240078,1,10/01/2023 10:00:40,89483,9,task-4t5w,,26287642,BLIND,7759933,,complete,,,computer,Desktop or Laptop,Windows 10,Edge 108.0.1462.54,1366x768,1319x649,Passed_Trials,AliceIntroVideos,12,DiagrammingOnly,,,,,,,Passed_Intro,Passed_Practice,Passed_Trials,AliceImmediateDiagrammingOnly,,,END TASK,,,,,185694,,,,,0,1,0,,,,,,,,,
1,1673337123343,10/01/2023 07:52:03,1673337123981,1,10/01/2023 08:52:03,89483,9,task-4t5w,,26287145,BLIND,7759706,,complete,,,computer,Desktop or Laptop,Windows 10,Opera 93.0.0.0,1366x768,1325x650,Passed_Trials,AliceIntroVideos,12,DiagrammingOnly,,,,,,,Passed_Intro,Passed_Practice,Passed_Trials,AliceImmediateDiagrammingOnly,,,BEGIN TASK,,,,,,,,,,0,1,0,,,,,,,,,
2,1673337308801,10/01/2023 07:55:08,1673337309429,1,10/01/2023 08:55:09,89483,9,task-4t5w,,26287145,BLIND,7759706,,complete,,,computer,Desktop or Laptop,Windows 10,Opera 93.0.0.0,1366x768,1325x650,Passed_Trials,AliceIntroVideos,12,DiagrammingOnly,,,,,,,Passed_Intro,Passed_Practice,Passed_Trials,AliceImmediateDiagrammingOnly,AliceImmediateDiagrammingOnly,1,1,1,Video,Zone1,content_video,184833.40000009537,,,,,0,1,0,,,,,,AliceImmediateDiagrammingOnly,,,
3,1673337308884,10/01/2023 07:55:08,1673337309437,1,10/01/2023 08:55:09,89483,9,task-4t5w,,26287145,BLIND,7759706,,complete,,,computer,Desktop or Laptop,Windows 10,Opera 93.0.0.0,1366x768,1325x650,Passed_Trials,AliceIntroVideos,12,DiagrammingOnly,,,,,,,Passed_Intro,Passed_Practice,Passed_Trials,AliceImmediateDiagrammingOnly,,,END TASK,,,,,185457,,,,,0,1,0,,,,,,,,,
1,1670934475852,13/12/2022 12:27:55,1670934476091,1,13/12/2022 13:27:56,89483,9,task-4t5w,,25911756,BLIND,7658916,,complete,,,computer,Desktop or Laptop,Windows 10,Chrome 108.0.0.0,1280x854,1280x711,Passed_Trials,AliceIntroVideos,12,DiagrammingOnly,,,,,,,Passed_Intro,Passed_Practice,Passed_Trials,AliceImmediateDiagrammingOnly,,,BEGIN TASK,,,,,,,,,,0,1,0,,,,,,,,,
2,1670934661727,13/12/2022 12:31:01,1670934661961,1,13/12/2022 13:31:01,89483,9,task-4t5w,,25911756,BLIND,7658916,,complete,,,computer,Desktop or Laptop,Windows 10,Chrome 108.0.0.0,1280x854,1280x711,Passed_Trials,AliceIntroVideos,12,DiagrammingOnly,,,,,,,Passed_Intro,Passed_Practice,Passed_Trials,AliceImmediateDiagrammingOnly,AliceImmediateDiagrammingOnly,1,1,1,Video,Zone1,content_video,184902.30000001192,,,,,0,1,0,,,,,,AliceImmediateDiagrammingOnly,,,
3,1670934661841,13/12/2022 12:31:01,1670934661974,1,13/12/2022 13:31:01,89483,9,task-4t5w,,25911756,BLIND,7658916,,complete,,,computer,Desktop or Laptop,Windows 10,Chrome 108.0.0.0,1280x854,1280x711,Passed_Trials,AliceIntroVideos,12,DiagrammingOnly,,,,,,,Passed_Intro,Passed_Practice,Passed_Trials,AliceImmediateDiagrammingOnly,,,END TASK,,,,,185882,,,,,0,1,0,,,,,,,,,
1,1670934430057,13/12/2022 12:27:10,1670934443327,1,13/12/2022 13:27:23,89483,9,task-4t5w,,25911678,BLIND,7658898,,complete,,,computer,Desktop or Laptop,Windows 10,Chrome 108.0.0.0,1280x720,1280x569,Passed_Trials,AliceIntroVideos,12,DiagrammingOnly,,,,,,,Passed_Intro,Passed_Practice,Passed_Trials,AliceImmediateDiagrammingOnly,,,BEGIN TASK,,,,,,,,,,0,1,0,,,,,,,,,
2,1670934620924,13/12/2022 12:30:20,1670934634204,1,13/12/2022 13:30:34,89483,9,task-4t5w,,25911678,BLIND,7658898,,complete,,,computer,Desktop or Laptop,Windows 10,Chrome 108.0.0.0,1280x720,1280x569,Passed_Trials,AliceIntroVideos,12,DiagrammingOnly,,,,,,,Passed_Intro,Passed_Practice,Passed_Trials,AliceImmediateDiagrammingOnly,AliceImmediateDiagrammingOnly,1,1,1,Video,Zone1,content_video,189824.69999998808,,,,,0,1,0,,,,,,AliceImmediateDiagrammingOnly,,,
3,1670934621011,13/12/2022 12:30:21,1670934634215,1,13/12/2022 13:30:34,89483,9,task-4t5w,,25911678,BLIND,7658898,,complete,,,computer,Desktop or Laptop,Windows 10,Chrome 108.0.0.0,1280x720,1280x569,Passed_Trials,AliceIntroVideos,12,DiagrammingOnly,,,,,,,Passed_Intro,Passed_Practice,Passed_Trials,AliceImmediateDiagrammingOnly,,,END TASK,,,,,190888,,,,,0,1,0,,,,,,,,,
1,1670934424967,13/12/2022 12:27:04,1670934424345,1,13/12/2022 13:27:04,89483,9,task-4t5w,,25911667,BLIND,7658883,,complete,,,computer,Desktop or Laptop,Windows 10,Chrome 108.0.0.0,1182x665,1182x525,Passed_Trials,AliceIntroVideos,12,DiagrammingOnly,,,,,,,Passed_Intro,Passed_Practice,Passed_Trials,AliceImmediateDiagrammingOnly,,,BEGIN TASK,,,,,,,,,,0,1,0,,,,,,,,,
2,1670934612933,13/12/2022 12:30:12,1670934611829,1,13/12/2022 13:30:11,89483,9,task-4t5w,,25911667,BLIND,7658883,,complete,,,computer,Desktop or Laptop,Windows 10,Chrome 108.0.0.0,1182x665,1165x525,Passed_Trials,AliceIntroVideos,12,DiagrammingOnly,,,,,,,Passed_Intro,Passed_Practice,Passed_Trials,AliceImmediateDiagrammingOnly,AliceImmediateDiagrammingOnly,1,1,1,Video,Zone1,content_video,186307.09999990463,,,,,0,1,0,,,,,,AliceImmediateDiagrammingOnly,,,
3,1670934613037,13/12/2022 12:30:13,1670934611838,1,13/12/2022 13:30:11,89483,9,task-4t5w,,25911667,BLIND,7658883,,complete,,,computer,Desktop or Laptop,Windows 10,Chrome 108.0.0.0,1182x665,1165x525,Passed_Trials,AliceIntroVideos,12,DiagrammingOnly,,,,,,,Passed_Intro,Passed_Practice,Passed_Trials,AliceImmediateDiagrammingOnly,,,END TASK,,,,,187493,,,,,0,1,0,,,,,,,,,
1,1670934380012,13/12/2022 12:26:20,1670934381734,1,13/12/2022 13:26:21,89483,9,task-4t5w,,25911582,BLIND,7658880,,complete,,,computer,Desktop or Laptop,Windows 10,Chrome 108.0.0.0,1366x768,1366x625,Passed_Trials,AliceIntroVideos,12,DiagrammingOnly,,,,,,,Passed_Intro,Passed_Practice,Passed_Trials,AliceImmediateDiagrammingOnly,,,BEGIN TASK,,,,,,,,,,0,1,0,,,,,,,,,
2,1670934565351,13/12/2022 12:29:25,1670934567057,1,13/12/2022 13:29:27,89483,9,task-4t5w,,25911582,BLIND,7658880,,complete,,,computer,Desktop or Laptop,Windows 10,Chrome 108.0.0.0,1366x768,1366x625,Passed_Trials,AliceIntroVideos,12,DiagrammingOnly,,,,,,,Passed_Intro,Passed_Practice,Passed_Trials,AliceImmediateDiagrammingOnly,AliceImmediateDiagrammingOnly,1,1,1,Video,Zone1,content_video,184886.5,,,,,0,1,0,,,,,,AliceImmediateDiagrammingOnly,,,
3,1670934565409,13/12/2022 12:29:25,1670934567063,1,13/12/2022 13:29:27,89483,9,task-4t5w,,25911582,BLIND,7658880,,complete,,,computer,Desktop or Laptop,Windows 10,Chrome 108.0.0.0,1366x768,1366x625,Passed_Trials,AliceIntroVideos,12,DiagrammingOnly,,,,,,,Passed_Intro,Passed_Practice,Passed_Trials,AliceImmediateDiagrammingOnly,,,END TASK,,,,,185330,,,,,0,1,0,,,,,,,,,
1,1670843449913,12/12/2022 11:10:49,1670843449091,1,12/12/2022 12:10:49,89483,9,task-4t5w,,25871960,BLIND,7650815,,complete,,,computer,Desktop or Laptop,Windows 10,Chrome 108.0.0.0,1920x1080,1920x937,Passed_Trials,AliceIntroVideos,12,DiagrammingOnly,,,,,,,Passed_Intro,Passed_Practice,Passed_Trials,AliceImmediateDiagrammingOnly,,,BEGIN TASK,,,,,,,,,,0,1,0,,,,,,,,,
2,1670843635435,12/12/2022 11:13:55,1670843634570,1,12/12/2022 12:13:54,89483,9,task-4t5w,,25871960,BLIND,7650815,,complete,,,computer,Desktop or Laptop,Windows 10,Chrome 108.0.0.0,1920x1080,1920x937,Passed_Trials,AliceIntroVideos,12,DiagrammingOnly,,,,,,,Passed_Intro,Passed_Practice,Passed_Trials,AliceImmediateDiagrammingOnly,AliceImmediateDiagrammingOnly,1,1,1,Video,Zone1,content_video,185102.09999999404,,,,,0,1,0,,,,,,AliceImmediateDiagrammingOnly,,,
3,1670843635499,12/12/2022 11:13:55,1670843634573,1,12/12/2022 12:13:54,89483,9,task-4t5w,,25871960,BLIND,7650815,,complete,,,computer,Desktop or Laptop,Windows 10,Chrome 108.0.0.0,1920x1080,1920x937,Passed_Trials,AliceIntroVideos,12,DiagrammingOnly,,,,,,,Passed_Intro,Passed_Practice,Passed_Trials,AliceImmediateDiagrammingOnly,,,END TASK,,,,,185482,,,,,0,1,0,,,,,,,,,
1,1670838410010,12/12/2022 09:46:50,1670838410096,1,12/12/2022 10:46:50,89483,9,task-4t5w,,25869495,BLIND,7650211,,complete,,,computer,Desktop or Laptop,Windows 10,Chrome 107.0.0.0,1536x864,1536x754,Passed_Trials,AliceIntroVideos,12,DiagrammingOnly,,,,,,,Passed_Intro,Passed_Practice,Passed_Trials,AliceImmediateDiagrammingOnly,,,BEGIN TASK,,,,,,,,,,0,1,0,,,,,,,,,
2,1670838595629,12/12/2022 09:49:55,1670838595684,1,12/12/2022 10:49:55,89483,9,task-4t5w,,25869495,BLIND,7650211,,complete,,,computer,Desktop or Laptop,Windows 10,Chrome 107.0.0.0,1536x864,1519x754,Passed_Trials,AliceIntroVideos,12,DiagrammingOnly,,,,,,,Passed_Intro,Passed_Practice,Passed_Trials,AliceImmediateDiagrammingOnly,AliceImmediateDiagrammingOnly,1,1,1,Video,Zone1,content_video,185001.40000009537,,,,,0,1,0,,,,,,AliceImmediateDiagrammingOnly,,,
3,1670838595715,12/12/2022 09:49:55,1670838595690,1,12/12/2022 10:49:55,89483,9,task-4t5w,,25869495,BLIND,7650211,,complete,,,computer,Desktop or Laptop,Windows 10,Chrome 107.0.0.0,1536x864,1519x754,Passed_Trials,AliceIntroVideos,12,DiagrammingOnly,,,,,,,Passed_Intro,Passed_Practice,Passed_Trials,AliceImmediateDiagrammingOnly,,,END TASK,,,,,185595,,,,,0,1,0,,,,,,,,,
END OF FILE
