Event Index,UTC Timestamp,UTC Date,Local Timestamp,Local Timezone,Local Date,Experiment ID,Experiment Version,Tree Node Key,Repeat Key,Schedule ID,Participant Public ID,Participant Private ID,Participant Starting Group,Participant Status,Participant Completion Code,Participant External Session ID,Participant Device Type,Participant Device,Participant OS,Participant Browser,Participant Monitor Size,Participant Viewport Size,Checkpoint,Task Name,Task Version,randomiser-81rl,checkpoint-ciwr,checkpoint-77l8,checkpoint-x76j,checkpoint-b2g1,checkpoint-5gtg,checkpoint-dxsu,Spreadsheet,Spreadsheet Name,Spreadsheet Row,Trial Number,Screen Number,Screen Name,Zone Name,Zone Type,Reaction Time,Reaction Onset,Response Type,Response,Attempt,Correct,Incorrect,Dishonest,X Coordinate,Y Coordinate,Timed Out,randomise_blocks,randomise_trials,display,ANSWER,TextTypes,ShowProgressBar
1,1655118864867,13/06/2022 11:14:24,1655118864319,2,13/06/2022 13:14:24,86110,10,task-qcms,,22441810,BLIND,6613713,,complete,,,computer,Desktop or Laptop,Chromium OS 14695.85.0,Chrome 102.0.5005.75,1536x864,1536x746,Passed_Trials,AliceIntroVideos,9,NoSelfScoringInstruction,,Passed_Intro,,Passed_Trials,,Passed_Practice,AliceVideoWithoutCueSelection,,,BEGIN TASK,,,,,,,,,,0,1,0,,,,,,,,,
2,1655119049309,13/06/2022 11:17:29,1655119048831,2,13/06/2022 13:17:28,86110,10,task-qcms,,22441810,BLIND,6613713,,complete,,,computer,Desktop or Laptop,Chromium OS 14695.85.0,Chrome 102.0.5005.75,1536x864,1536x746,Passed_Trials,AliceIntroVideos,9,NoSelfScoringInstruction,,Passed_Intro,,Passed_Trials,,Passed_Practice,AliceVideoWithoutCueSelection,AliceVideoWithoutCueSelection,1,1,1,Video,Zone1,content_video,184160.8,,,,,0,1,0,,,,,,AliceDelayedWithoutCueSelectionVideo,,,
3,1655119049363,13/06/2022 11:17:29,1655119048836,2,13/06/2022 13:17:28,86110,10,task-qcms,,22441810,BLIND,6613713,,complete,,,computer,Desktop or Laptop,Chromium OS 14695.85.0,Chrome 102.0.5005.75,1536x864,1536x746,Passed_Trials,AliceIntroVideos,9,NoSelfScoringInstruction,,Passed_Intro,,Passed_Trials,,Passed_Practice,AliceVideoWithoutCueSelection,,,END TASK,,,,,184517,,,,,0,1,0,,,,,,,,,
1,1654765563911,09/06/2022 09:06:03,1654765518567,2,09/06/2022 11:05:18,86110,10,task-qcms,,22371981,BLIND,6594472,,complete,,,computer,Desktop or Laptop,Windows 10,Chrome 102.0.5005.63,1536x864,1536x746,Passed_Trials,AliceIntroVideos,9,NoSelfScoringInstruction,,Passed_Intro,,Passed_Trials,,Passed_Practice,AliceVideoWithoutCueSelection,,,BEGIN TASK,,,,,,,,,,0,1,0,,,,,,,,,
2,1654765748620,09/06/2022 09:09:08,1654765703240,2,09/06/2022 11:08:23,86110,10,task-qcms,,22371981,BLIND,6594472,,complete,,,computer,Desktop or Laptop,Windows 10,Chrome 102.0.5005.63,1536x864,1519x746,Passed_Trials,AliceIntroVideos,9,NoSelfScoringInstruction,,Passed_Intro,,Passed_Trials,,Passed_Practice,AliceVideoWithoutCueSelection,AliceVideoWithoutCueSelection,1,1,1,Video,Zone1,content_video,184062.09999999963,,,,,0,1,0,,,,,,AliceDelayedWithoutCueSelectionVideo,,,
3,1654765748825,09/06/2022 09:09:08,1654765703253,2,09/06/2022 11:08:23,86110,10,task-qcms,,22371981,BLIND,6594472,,complete,,,computer,Desktop or Laptop,Windows 10,Chrome 102.0.5005.63,1536x864,1519x746,Passed_Trials,AliceIntroVideos,9,NoSelfScoringInstruction,,Passed_Intro,,Passed_Trials,,Passed_Practice,AliceVideoWithoutCueSelection,,,END TASK,,,,,184685,,,,,0,1,0,,,,,,,,,
1,1654765558933,09/06/2022 09:05:58,1654765557972,2,09/06/2022 11:05:57,86110,10,task-qcms,,22371978,BLIND,6594479,,complete,,,computer,Desktop or Laptop,Windows 10,Chrome 102.0.0.0,1280x720,1280x577,Passed_Trials,AliceIntroVideos,9,NoSelfScoringInstruction,,Passed_Intro,,Passed_Trials,,Passed_Practice,AliceVideoWithoutCueSelection,,,BEGIN TASK,,,,,,,,,,0,1,0,,,,,,,,,
2,1654765743514,09/06/2022 09:09:03,1654765742518,2,09/06/2022 11:09:02,86110,10,task-qcms,,22371978,BLIND,6594479,,complete,,,computer,Desktop or Laptop,Windows 10,Chrome 102.0.0.0,1280x720,1280x577,Passed_Trials,AliceIntroVideos,9,NoSelfScoringInstruction,,Passed_Intro,,Passed_Trials,,Passed_Practice,AliceVideoWithoutCueSelection,AliceVideoWithoutCueSelection,1,1,1,Video,Zone1,content_video,183868.59999990463,,,,,0,1,0,,,,,,AliceDelayedWithoutCueSelectionVideo,,,
3,1654765743584,09/06/2022 09:09:03,1654765742528,2,09/06/2022 11:09:02,86110,10,task-qcms,,22371978,BLIND,6594479,,complete,,,computer,Desktop or Laptop,Windows 10,Chrome 102.0.0.0,1280x720,1280x577,Passed_Trials,AliceIntroVideos,9,NoSelfScoringInstruction,,Passed_Intro,,Passed_Trials,,Passed_Practice,AliceVideoWithoutCueSelection,,,END TASK,,,,,184556,,,,,0,1,0,,,,,,,,,
1,1654765550370,09/06/2022 09:05:50,1654765557637,2,09/06/2022 11:05:57,86110,10,task-qcms,,22371974,BLIND,6594487,,complete,,,computer,Desktop or Laptop,Windows 10,Edge 102.0.1245.33,1920x1080,1920x961,Passed_Trials,AliceIntroVideos,9,NoSelfScoringInstruction,,Passed_Intro,,Passed_Trials,,Passed_Practice,AliceVideoWithoutCueSelection,,,BEGIN TASK,,,,,,,,,,0,1,0,,,,,,,,,
2,1654765735078,09/06/2022 09:08:55,1654765742317,2,09/06/2022 11:09:02,86110,10,task-qcms,,22371974,BLIND,6594487,,complete,,,computer,Desktop or Laptop,Windows 10,Edge 102.0.1245.33,1920x1080,1920x961,Passed_Trials,AliceIntroVideos,9,NoSelfScoringInstruction,,Passed_Intro,,Passed_Trials,,Passed_Practice,AliceVideoWithoutCueSelection,AliceVideoWithoutCueSelection,1,1,1,Video,Zone1,content_video,183722.49999999997,,,,,0,1,0,,,,,,AliceDelayedWithoutCueSelectionVideo,,,
3,1654765735137,09/06/2022 09:08:55,1654765742330,2,09/06/2022 11:09:02,86110,10,task-qcms,,22371974,BLIND,6594487,,complete,,,computer,Desktop or Laptop,Windows 10,Edge 102.0.1245.33,1920x1080,1920x961,Passed_Trials,AliceIntroVideos,9,NoSelfScoringInstruction,,Passed_Intro,,Passed_Trials,,Passed_Practice,AliceVideoWithoutCueSelection,,,END TASK,,,,,184693,,,,,0,1,0,,,,,,,,,
1,1654765537869,09/06/2022 09:05:37,1654765538092,2,09/06/2022 11:05:38,86110,10,task-qcms,,22371968,BLIND,6594485,,complete,,,computer,Desktop or Laptop,Windows 10,Chrome 102.0.0.0,1920x1080,1920x969,Passed_Trials,AliceIntroVideos,9,NoSelfScoringInstruction,,Passed_Intro,,Passed_Trials,,Passed_Practice,AliceVideoWithoutCueSelection,,,BEGIN TASK,,,,,,,,,,0,1,0,,,,,,,,,
2,1654765722857,09/06/2022 09:08:42,1654765723052,2,09/06/2022 11:08:43,86110,10,task-qcms,,22371968,BLIND,6594485,,complete,,,computer,Desktop or Laptop,Windows 10,Chrome 102.0.0.0,1920x1080,1920x969,Passed_Trials,AliceIntroVideos,9,NoSelfScoringInstruction,,Passed_Intro,,Passed_Trials,,Passed_Practice,AliceVideoWithoutCueSelection,AliceVideoWithoutCueSelection,1,1,1,Video,Zone1,content_video,184090.40000009537,,,,,0,1,0,,,,,,AliceDelayedWithoutCueSelectionVideo,,,
3,1654765722919,09/06/2022 09:08:42,1654765723062,2,09/06/2022 11:08:43,86110,10,task-qcms,,22371968,BLIND,6594485,,complete,,,computer,Desktop or Laptop,Windows 10,Chrome 102.0.0.0,1920x1080,1920x969,Passed_Trials,AliceIntroVideos,9,NoSelfScoringInstruction,,Passed_Intro,,Passed_Trials,,Passed_Practice,AliceVideoWithoutCueSelection,,,END TASK,,,,,184970,,,,,0,1,0,,,,,,,,,
1,1654765516679,09/06/2022 09:05:16,1654765514798,2,09/06/2022 11:05:14,86110,10,task-qcms,,22371962,BLIND,6594463,,complete,,,computer,Desktop or Laptop,Windows 10,Chrome 102.0.0.0,1920x1080,1920x937,Passed_Trials,AliceIntroVideos,9,NoSelfScoringInstruction,,Passed_Intro,,Passed_Trials,,Passed_Practice,AliceVideoWithoutCueSelection,,,BEGIN TASK,,,,,,,,,,0,1,0,,,,,,,,,
2,1654765700965,09/06/2022 09:08:20,1654765699081,2,09/06/2022 11:08:19,86110,10,task-qcms,,22371962,BLIND,6594463,,complete,,,computer,Desktop or Laptop,Windows 10,Chrome 102.0.0.0,1920x1080,1920x937,Passed_Trials,AliceIntroVideos,9,NoSelfScoringInstruction,,Passed_Intro,,Passed_Trials,,Passed_Practice,AliceVideoWithoutCueSelection,AliceVideoWithoutCueSelection,1,1,1,Video,Zone1,content_video,183830.60000014305,,,,,0,1,0,,,,,,AliceDelayedWithoutCueSelectionVideo,,,
3,1654765701053,09/06/2022 09:08:21,1654765699092,2,09/06/2022 11:08:19,86110,10,task-qcms,,22371962,BLIND,6594463,,complete,,,computer,Desktop or Laptop,Windows 10,Chrome 102.0.0.0,1920x1080,1920x937,Passed_Trials,AliceIntroVideos,9,NoSelfScoringInstruction,,Passed_Intro,,Passed_Trials,,Passed_Practice,AliceVideoWithoutCueSelection,,,END TASK,,,,,184294,,,,,0,1,0,,,,,,,,,
1,1654765512477,09/06/2022 09:05:12,1654765513110,2,09/06/2022 11:05:13,86110,10,task-qcms,,22371961,BLIND,6594482,,complete,,,computer,Desktop or Laptop,Windows 10,Edge 102.0.1245.33,1280x720,1280x601,Passed_Trials,AliceIntroVideos,9,NoSelfScoringInstruction,,Passed_Intro,,Passed_Trials,,Passed_Practice,AliceVideoWithoutCueSelection,,,BEGIN TASK,,,,,,,,,,0,1,0,,,,,,,,,
2,1654765698184,09/06/2022 09:08:18,1654765698795,2,09/06/2022 11:08:18,86110,10,task-qcms,,22371961,BLIND,6594482,,complete,,,computer,Desktop or Laptop,Windows 10,Edge 102.0.1245.33,1280x720,1280x601,Passed_Trials,AliceIntroVideos,9,NoSelfScoringInstruction,,Passed_Intro,,Passed_Trials,,Passed_Practice,AliceVideoWithoutCueSelection,AliceVideoWithoutCueSelection,1,1,1,Video,Zone1,content_video,184245.29999995232,,,,,0,1,0,,,,,,AliceDelayedWithoutCueSelectionVideo,,,
3,1654765698283,09/06/2022 09:08:18,1654765698812,2,09/06/2022 11:08:18,86110,10,task-qcms,,22371961,BLIND,6594482,,complete,,,computer,Desktop or Laptop,Windows 10,Edge 102.0.1245.33,1280x720,1280x601,Passed_Trials,AliceIntroVideos,9,NoSelfScoringInstruction,,Passed_Intro,,Passed_Trials,,Passed_Practice,AliceVideoWithoutCueSelection,,,END TASK,,,,,185703,,,,,0,1,0,,,,,,,,,
1,1654765485425,09/06/2022 09:04:45,1654765394121,2,09/06/2022 11:03:14,86110,10,task-qcms,,22371943,BLIND,6594478,,complete,,,computer,Desktop or Laptop,Windows 10,Edge 102.0.1245.33,1536x864,1536x754,Passed_Trials,AliceIntroVideos,9,NoSelfScoringInstruction,,Passed_Intro,,Passed_Trials,,Passed_Practice,AliceVideoWithoutCueSelection,,,BEGIN TASK,,,,,,,,,,0,1,0,,,,,,,,,
2,1654765671164,09/06/2022 09:07:51,1654765579649,2,09/06/2022 11:06:19,86110,10,task-qcms,,22371943,BLIND,6594478,,complete,,,computer,Desktop or Laptop,Windows 10,Edge 102.0.1245.33,1536x864,1519x754,Passed_Trials,AliceIntroVideos,9,NoSelfScoringInstruction,,Passed_Intro,,Passed_Trials,,Passed_Practice,AliceVideoWithoutCueSelection,AliceVideoWithoutCueSelection,1,1,1,Video,Zone1,content_video,183883.39999961853,,,,,0,1,0,,,,,,AliceDelayedWithoutCueSelectionVideo,,,
3,1654765671253,09/06/2022 09:07:51,1654765579659,2,09/06/2022 11:06:19,86110,10,task-qcms,,22371943,BLIND,6594478,,complete,,,computer,Desktop or Laptop,Windows 10,Edge 102.0.1245.33,1536x864,1519x754,Passed_Trials,AliceIntroVideos,9,NoSelfScoringInstruction,,Passed_Intro,,Passed_Trials,,Passed_Practice,AliceVideoWithoutCueSelection,,,END TASK,,,,,185538,,,,,0,1,0,,,,,,,,,
1,1654765413106,09/06/2022 09:03:33,1654765411656,2,09/06/2022 11:03:31,86110,10,task-qcms,,22371916,BLIND,6594459,,complete,,,computer,Desktop or Laptop,Chromium OS 14695.85.0,Chrome 102.0.0.0,1536x864,1536x714,Passed_Trials,AliceIntroVideos,9,NoSelfScoringInstruction,,Passed_Intro,,Passed_Trials,,Passed_Practice,AliceVideoWithoutCueSelection,,,BEGIN TASK,,,,,,,,,,0,1,0,,,,,,,,,
2,1654765598836,09/06/2022 09:06:38,1654765597435,2,09/06/2022 11:06:37,86110,10,task-qcms,,22371916,BLIND,6594459,,complete,,,computer,Desktop or Laptop,Chromium OS 14695.85.0,Chrome 102.0.0.0,1536x864,1536x714,Passed_Trials,AliceIntroVideos,9,NoSelfScoringInstruction,,Passed_Intro,,Passed_Trials,,Passed_Practice,AliceVideoWithoutCueSelection,AliceVideoWithoutCueSelection,1,1,1,Video,Zone1,content_video,183961,,,,,0,1,0,,,,,,AliceDelayedWithoutCueSelectionVideo,,,
3,1654765598949,09/06/2022 09:06:38,1654765597444,2,09/06/2022 11:06:37,86110,10,task-qcms,,22371916,BLIND,6594459,,complete,,,computer,Desktop or Laptop,Chromium OS 14695.85.0,Chrome 102.0.0.0,1536x864,1536x714,Passed_Trials,AliceIntroVideos,9,NoSelfScoringInstruction,,Passed_Intro,,Passed_Trials,,Passed_Practice,AliceVideoWithoutCueSelection,,,END TASK,,,,,185788,,,,,0,1,0,,,,,,,,,
1,1654678971503,08/06/2022 09:02:51,1654678967428,2,08/06/2022 11:02:47,86110,10,task-qcms,,22353103,BLIND,6588720,,complete,,,computer,Desktop or Laptop,Windows 10,Chrome 102.0.0.0,1536x864,1536x754,Passed_Trials,AliceIntroVideos,9,NoSelfScoringInstruction,,Passed_Intro,,Passed_Trials,,Passed_Practice,AliceVideoWithoutCueSelection,,,BEGIN TASK,,,,,,,,,,0,1,0,,,,,,,,,
2,1654679156236,08/06/2022 09:05:56,1654679152124,2,08/06/2022 11:05:52,86110,10,task-qcms,,22353103,BLIND,6588720,,complete,,,computer,Desktop or Laptop,Windows 10,Chrome 102.0.0.0,1536x864,1519x754,Passed_Trials,AliceIntroVideos,9,NoSelfScoringInstruction,,Passed_Intro,,Passed_Trials,,Passed_Practice,AliceVideoWithoutCueSelection,AliceVideoWithoutCueSelection,1,1,1,Video,Zone1,content_video,183893.5,,,,,0,1,0,,,,,,AliceDelayedWithoutCueSelectionVideo,,,
3,1654679156325,08/06/2022 09:05:56,1654679152148,2,08/06/2022 11:05:52,86110,10,task-qcms,,22353103,BLIND,6588720,,complete,,,computer,Desktop or Laptop,Windows 10,Chrome 102.0.0.0,1536x864,1519x754,Passed_Trials,AliceIntroVideos,9,NoSelfScoringInstruction,,Passed_Intro,,Passed_Trials,,Passed_Practice,AliceVideoWithoutCueSelection,,,END TASK,,,,,184720,,,,,0,1,0,,,,,,,,,
1,1654592392461,07/06/2022 08:59:52,1654592392659,2,07/06/2022 10:59:52,86110,10,task-qcms,,22325605,BLIND,6581321,,complete,,,computer,Desktop or Laptop,Windows 10,Chrome 102.0.0.0,1366x768,1366x625,Passed_Trials,AliceIntroVideos,9,NoSelfScoringInstruction,,Passed_Intro,,Passed_Trials,,Passed_Practice,AliceVideoWithoutCueSelection,,,BEGIN TASK,,,,,,,,,,0,1,0,,,,,,,,,
2,1654592576878,07/06/2022 09:02:56,1654592577070,2,07/06/2022 11:02:57,86110,10,task-qcms,,22325605,BLIND,6581321,,complete,,,computer,Desktop or Laptop,Windows 10,Chrome 102.0.0.0,1366x768,1366x625,Passed_Trials,AliceIntroVideos,9,NoSelfScoringInstruction,,Passed_Intro,,Passed_Trials,,Passed_Practice,AliceVideoWithoutCueSelection,AliceVideoWithoutCueSelection,1,1,1,Video,Zone1,content_video,183854.5,,,,,0,1,0,,,,,,AliceDelayedWithoutCueSelectionVideo,,,
3,1654592576975,07/06/2022 09:02:56,1654592577081,2,07/06/2022 11:02:57,86110,10,task-qcms,,22325605,BLIND,6581321,,complete,,,computer,Desktop or Laptop,Windows 10,Chrome 102.0.0.0,1366x768,1366x625,Passed_Trials,AliceIntroVideos,9,NoSelfScoringInstruction,,Passed_Intro,,Passed_Trials,,Passed_Practice,AliceVideoWithoutCueSelection,,,END TASK,,,,,184422,,,,,0,1,0,,,,,,,,,
1,1654592377596,07/06/2022 08:59:37,1654592379142,2,07/06/2022 10:59:39,86110,10,task-qcms,,22325601,BLIND,6581319,,complete,,,computer,Desktop or Laptop,Windows 10,Chrome 101.0.4951.67,1366x768,1366x657,Passed_Trials,AliceIntroVideos,9,NoSelfScoringInstruction,,Passed_Intro,,Passed_Trials,,Passed_Practice,AliceVideoWithoutCueSelection,,,BEGIN TASK,,,,,,,,,,0,1,0,,,,,,,,,
2,1654592562378,07/06/2022 09:02:42,1654592563874,2,07/06/2022 11:02:43,86110,10,task-qcms,,22325601,BLIND,6581319,,complete,,,computer,Desktop or Laptop,Windows 10,Chrome 101.0.4951.67,1366x768,1366x657,Passed_Trials,AliceIntroVideos,9,NoSelfScoringInstruction,,Passed_Intro,,Passed_Trials,,Passed_Practice,AliceVideoWithoutCueSelection,AliceVideoWithoutCueSelection,1,1,1,Video,Zone1,content_video,183941.39999997616,,,,,0,1,0,,,,,,AliceDelayedWithoutCueSelectionVideo,,,
3,1654592562451,07/06/2022 09:02:42,1654592563923,2,07/06/2022 11:02:43,86110,10,task-qcms,,22325601,BLIND,6581319,,complete,,,computer,Desktop or Laptop,Windows 10,Chrome 101.0.4951.67,1366x768,1366x657,Passed_Trials,AliceIntroVideos,9,NoSelfScoringInstruction,,Passed_Intro,,Passed_Trials,,Passed_Practice,AliceVideoWithoutCueSelection,,,END TASK,,,,,184781,,,,,0,1,0,,,,,,,,,
1,1654592377613,07/06/2022 08:59:37,1654592378145,2,07/06/2022 10:59:38,86110,10,task-qcms,,22325600,BLIND,6581326,,complete,,,computer,Desktop or Laptop,Windows 10,Chrome 102.0.5005.63,1366x768,1366x625,Passed_Trials,AliceIntroVideos,9,NoSelfScoringInstruction,,Passed_Intro,,Passed_Trials,,Passed_Practice,AliceVideoWithoutCueSelection,,,BEGIN TASK,,,,,,,,,,0,1,0,,,,,,,,,
2,1654592562198,07/06/2022 09:02:42,1654592562684,2,07/06/2022 11:02:42,86110,10,task-qcms,,22325600,BLIND,6581326,,complete,,,computer,Desktop or Laptop,Windows 10,Chrome 102.0.5005.63,1366x768,1366x625,Passed_Trials,AliceIntroVideos,9,NoSelfScoringInstruction,,Passed_Intro,,Passed_Trials,,Passed_Practice,AliceVideoWithoutCueSelection,AliceVideoWithoutCueSelection,1,1,1,Video,Zone1,content_video,183762.59999999404,,,,,0,1,0,,,,,,AliceDelayedWithoutCueSelectionVideo,,,
3,1654592562283,07/06/2022 09:02:42,1654592562691,2,07/06/2022 11:02:42,86110,10,task-qcms,,22325600,BLIND,6581326,,complete,,,computer,Desktop or Laptop,Windows 10,Chrome 102.0.5005.63,1366x768,1366x625,Passed_Trials,AliceIntroVideos,9,NoSelfScoringInstruction,,Passed_Intro,,Passed_Trials,,Passed_Practice,AliceVideoWithoutCueSelection,,,END TASK,,,,,184547,,,,,0,1,0,,,,,,,,,
1,1654592367701,07/06/2022 08:59:27,1654592371166,2,07/06/2022 10:59:31,86110,10,task-qcms,,22325593,BLIND,6581325,,complete,,,computer,Desktop or Laptop,Windows 10,Chrome 102.0.5005.63,1366x768,1366x657,Passed_Trials,AliceIntroVideos,9,NoSelfScoringInstruction,,Passed_Intro,,Passed_Trials,,Passed_Practice,AliceVideoWithoutCueSelection,,,BEGIN TASK,,,,,,,,,,0,1,0,,,,,,,,,
2,1654592552153,07/06/2022 09:02:32,1654592555610,2,07/06/2022 11:02:35,86110,10,task-qcms,,22325593,BLIND,6581325,,complete,,,computer,Desktop or Laptop,Windows 10,Chrome 102.0.5005.63,1366x768,1366x657,Passed_Trials,AliceIntroVideos,9,NoSelfScoringInstruction,,Passed_Intro,,Passed_Trials,,Passed_Practice,AliceVideoWithoutCueSelection,AliceVideoWithoutCueSelection,1,1,1,Video,Zone1,content_video,183956.4000005722,,,,,0,1,0,,,,,,AliceDelayedWithoutCueSelectionVideo,,,
3,1654592552381,07/06/2022 09:02:32,1654592555616,2,07/06/2022 11:02:35,86110,10,task-qcms,,22325593,BLIND,6581325,,complete,,,computer,Desktop or Laptop,Windows 10,Chrome 102.0.5005.63,1366x768,1366x657,Passed_Trials,AliceIntroVideos,9,NoSelfScoringInstruction,,Passed_Intro,,Passed_Trials,,Passed_Practice,AliceVideoWithoutCueSelection,,,END TASK,,,,,184450,,,,,0,1,0,,,,,,,,,
1,1654592364327,07/06/2022 08:59:24,1654592364887,2,07/06/2022 10:59:24,86110,10,task-qcms,,22325589,BLIND,6581311,,complete,,,computer,Desktop or Laptop,Windows 10,Chrome 102.0.0.0,1536x864,1536x722,Passed_Trials,AliceIntroVideos,9,NoSelfScoringInstruction,,Passed_Intro,,Passed_Trials,,Passed_Practice,AliceVideoWithoutCueSelection,,,BEGIN TASK,,,,,,,,,,0,1,0,,,,,,,,,
2,1654592550715,07/06/2022 09:02:30,1654592551236,2,07/06/2022 11:02:31,86110,10,task-qcms,,22325589,BLIND,6581311,,complete,,,computer,Desktop or Laptop,Windows 10,Chrome 102.0.0.0,1536x864,1519x722,Passed_Trials,AliceIntroVideos,9,NoSelfScoringInstruction,,Passed_Intro,,Passed_Trials,,Passed_Practice,AliceVideoWithoutCueSelection,AliceVideoWithoutCueSelection,1,1,1,Video,Zone1,content_video,184432.59999999963,,,,,0,1,0,,,,,,AliceDelayedWithoutCueSelectionVideo,,,
3,1654592550777,07/06/2022 09:02:30,1654592551245,2,07/06/2022 11:02:31,86110,10,task-qcms,,22325589,BLIND,6581311,,complete,,,computer,Desktop or Laptop,Windows 10,Chrome 102.0.0.0,1536x864,1519x722,Passed_Trials,AliceIntroVideos,9,NoSelfScoringInstruction,,Passed_Intro,,Passed_Trials,,Passed_Practice,AliceVideoWithoutCueSelection,,,END TASK,,,,,186358,,,,,0,1,0,,,,,,,,,
1,1654592357791,07/06/2022 08:59:17,1654592373068,2,07/06/2022 10:59:33,86110,10,task-qcms,,22325586,BLIND,6581303,,complete,,,computer,Desktop or Laptop,Windows 10,Chrome 102.0.0.0,1366x768,1366x657,Passed_Trials,AliceIntroVideos,9,NoSelfScoringInstruction,,Passed_Intro,,Passed_Trials,,Passed_Practice,AliceVideoWithoutCueSelection,,,BEGIN TASK,,,,,,,,,,0,1,0,,,,,,,,,
2,1654592542823,07/06/2022 09:02:22,1654592558085,2,07/06/2022 11:02:38,86110,10,task-qcms,,22325586,BLIND,6581303,,complete,,,computer,Desktop or Laptop,Windows 10,Chrome 102.0.0.0,1366x768,1366x657,Passed_Trials,AliceIntroVideos,9,NoSelfScoringInstruction,,Passed_Intro,,Passed_Trials,,Passed_Practice,AliceVideoWithoutCueSelection,AliceVideoWithoutCueSelection,1,1,1,Video,Zone1,content_video,184131,,,,,0,1,0,,,,,,AliceDelayedWithoutCueSelectionVideo,,,
3,1654592542912,07/06/2022 09:02:22,1654592558110,2,07/06/2022 11:02:38,86110,10,task-qcms,,22325586,BLIND,6581303,,complete,,,computer,Desktop or Laptop,Windows 10,Chrome 102.0.0.0,1366x768,1366x657,Passed_Trials,AliceIntroVideos,9,NoSelfScoringInstruction,,Passed_Intro,,Passed_Trials,,Passed_Practice,AliceVideoWithoutCueSelection,,,END TASK,,,,,185042,,,,,0,1,0,,,,,,,,,
1,1654592333848,07/06/2022 08:58:53,1654592336853,2,07/06/2022 10:58:56,86110,10,task-qcms,,22325582,BLIND,6581308,,complete,,,computer,Desktop or Laptop,Windows 10,Chrome 101.0.4951.67,1366x768,1366x625,Passed_Trials,AliceIntroVideos,9,NoSelfScoringInstruction,,Passed_Intro,,Passed_Trials,,Passed_Practice,AliceVideoWithoutCueSelection,,,BEGIN TASK,,,,,,,,,,0,1,0,,,,,,,,,
2,1654592519804,07/06/2022 09:01:59,1654592522803,2,07/06/2022 11:02:02,86110,10,task-qcms,,22325582,BLIND,6581308,,complete,,,computer,Desktop or Laptop,Windows 10,Chrome 101.0.4951.67,1366x768,1366x625,Passed_Trials,AliceIntroVideos,9,NoSelfScoringInstruction,,Passed_Intro,,Passed_Trials,,Passed_Practice,AliceVideoWithoutCueSelection,AliceVideoWithoutCueSelection,1,1,1,Video,Zone1,content_video,184921.5,,,,,0,1,0,,,,,,AliceDelayedWithoutCueSelectionVideo,,,
3,1654592519917,07/06/2022 09:01:59,1654592522815,2,07/06/2022 11:02:02,86110,10,task-qcms,,22325582,BLIND,6581308,,complete,,,computer,Desktop or Laptop,Windows 10,Chrome 101.0.4951.67,1366x768,1366x625,Passed_Trials,AliceIntroVideos,9,NoSelfScoringInstruction,,Passed_Intro,,Passed_Trials,,Passed_Practice,AliceVideoWithoutCueSelection,,,END TASK,,,,,185962,,,,,0,1,0,,,,,,,,,
1,1654592283693,07/06/2022 08:58:03,1654592291574,2,07/06/2022 10:58:11,86110,10,task-qcms,,22325564,BLIND,6581320,,complete,,,computer,Desktop or Laptop,Windows 10,Chrome 102.0.5005.63,1366x768,1366x657,Passed_Trials,AliceIntroVideos,9,NoSelfScoringInstruction,,Passed_Intro,,Passed_Trials,,Passed_Practice,AliceVideoWithoutCueSelection,,,BEGIN TASK,,,,,,,,,,0,1,0,,,,,,,,,
2,1654592469176,07/06/2022 09:01:09,1654592476972,2,07/06/2022 11:01:16,86110,10,task-qcms,,22325564,BLIND,6581320,,complete,,,computer,Desktop or Laptop,Windows 10,Chrome 102.0.5005.63,1366x768,1366x657,Passed_Trials,AliceIntroVideos,9,NoSelfScoringInstruction,,Passed_Intro,,Passed_Trials,,Passed_Practice,AliceVideoWithoutCueSelection,AliceVideoWithoutCueSelection,1,1,1,Video,Zone1,content_video,184041.5999994278,,,,,0,1,0,,,,,,AliceDelayedWithoutCueSelectionVideo,,,
3,1654592469272,07/06/2022 09:01:09,1654592476988,2,07/06/2022 11:01:16,86110,10,task-qcms,,22325564,BLIND,6581320,,complete,,,computer,Desktop or Laptop,Windows 10,Chrome 102.0.5005.63,1366x768,1366x657,Passed_Trials,AliceIntroVideos,9,NoSelfScoringInstruction,,Passed_Intro,,Passed_Trials,,Passed_Practice,AliceVideoWithoutCueSelection,,,END TASK,,,,,185414,,,,,0,1,0,,,,,,,,,
1,1654592282858,07/06/2022 08:58:02,1654592283822,2,07/06/2022 10:58:03,86110,10,task-qcms,,22325562,BLIND,6581313,,complete,,,computer,Desktop or Laptop,Windows 10,Chrome 102.0.5005.63,1536x864,1536x746,Passed_Trials,AliceIntroVideos,9,NoSelfScoringInstruction,,Passed_Intro,,Passed_Trials,,Passed_Practice,AliceVideoWithoutCueSelection,,,BEGIN TASK,,,,,,,,,,0,1,0,,,,,,,,,
2,1654592468232,07/06/2022 09:01:08,1654592468920,2,07/06/2022 11:01:08,86110,10,task-qcms,,22325562,BLIND,6581313,,complete,,,computer,Desktop or Laptop,Windows 10,Chrome 102.0.5005.63,1536x864,1519x746,Passed_Trials,AliceIntroVideos,9,NoSelfScoringInstruction,,Passed_Intro,,Passed_Trials,,Passed_Practice,AliceVideoWithoutCueSelection,AliceVideoWithoutCueSelection,1,1,1,Video,Zone1,content_video,183750.69999980927,,,,,0,1,0,,,,,,AliceDelayedWithoutCueSelectionVideo,,,
3,1654592468436,07/06/2022 09:01:08,1654592468930,2,07/06/2022 11:01:08,86110,10,task-qcms,,22325562,BLIND,6581313,,complete,,,computer,Desktop or Laptop,Windows 10,Chrome 102.0.5005.63,1536x864,1519x746,Passed_Trials,AliceIntroVideos,9,NoSelfScoringInstruction,,Passed_Intro,,Passed_Trials,,Passed_Practice,AliceVideoWithoutCueSelection,,,END TASK,,,,,185108,,,,,0,1,0,,,,,,,,,
1,1654253770622,03/06/2022 10:56:10,1654253772367,2,03/06/2022 12:56:12,86110,10,task-qcms,,22261508,BLIND,6563312,,complete,,,computer,Desktop or Laptop,Windows 10,Chrome 102.0.5005.63,1366x768,1366x657,Passed_Trials,AliceIntroVideos,9,NoSelfScoringInstruction,,Passed_Intro,,Passed_Trials,,Passed_Practice,AliceVideoWithoutCueSelection,,,BEGIN TASK,,,,,,,,,,0,1,0,,,,,,,,,
2,1654253955877,03/06/2022 10:59:15,1654253957555,2,03/06/2022 12:59:17,86110,10,task-qcms,,22261508,BLIND,6563312,,complete,,,computer,Desktop or Laptop,Windows 10,Chrome 102.0.5005.63,1366x768,1366x657,Passed_Trials,AliceIntroVideos,9,NoSelfScoringInstruction,,Passed_Intro,,Passed_Trials,,Passed_Practice,AliceVideoWithoutCueSelection,AliceVideoWithoutCueSelection,1,1,1,Video,Zone1,content_video,184116.40000003576,,,,,0,1,0,,,,,,AliceDelayedWithoutCueSelectionVideo,,,
3,1654253955960,03/06/2022 10:59:15,1654253957565,2,03/06/2022 12:59:17,86110,10,task-qcms,,22261508,BLIND,6563312,,complete,,,computer,Desktop or Laptop,Windows 10,Chrome 102.0.5005.63,1366x768,1366x657,Passed_Trials,AliceIntroVideos,9,NoSelfScoringInstruction,,Passed_Intro,,Passed_Trials,,Passed_Practice,AliceVideoWithoutCueSelection,,,END TASK,,,,,185198,,,,,0,1,0,,,,,,,,,
1,1654253542816,03/06/2022 10:52:22,1654253543295,2,03/06/2022 12:52:23,86110,10,task-qcms,,22261441,BLIND,6563292,,complete,,,computer,Desktop or Laptop,Windows 10,Chrome 102.0.5005.63,1366x768,1366x657,Passed_Trials,AliceIntroVideos,9,NoSelfScoringInstruction,,Passed_Intro,,Passed_Trials,,Passed_Practice,AliceVideoWithoutCueSelection,,,BEGIN TASK,,,,,,,,,,0,1,0,,,,,,,,,
2,1654253793108,03/06/2022 10:56:33,1654253792178,2,03/06/2022 12:56:32,86110,10,task-qcms,,22261441,BLIND,6563292,,complete,,,computer,Desktop or Laptop,Windows 10,Chrome 102.0.5005.63,1366x768,1366x657,Passed_Trials,AliceIntroVideos,9,NoSelfScoringInstruction,,Passed_Intro,,Passed_Trials,,Passed_Practice,AliceVideoWithoutCueSelection,AliceVideoWithoutCueSelection,1,1,1,Video,Zone1,content_video,248532.79999995232,,,,,0,1,0,,,,,,AliceDelayedWithoutCueSelectionVideo,,,
3,1654253793347,03/06/2022 10:56:33,1654253792184,2,03/06/2022 12:56:32,86110,10,task-qcms,,22261441,BLIND,6563292,,complete,,,computer,Desktop or Laptop,Windows 10,Chrome 102.0.5005.63,1366x768,1366x657,Passed_Trials,AliceIntroVideos,9,NoSelfScoringInstruction,,Passed_Intro,,Passed_Trials,,Passed_Practice,AliceVideoWithoutCueSelection,,,END TASK,,,,,248889,,,,,0,1,0,,,,,,,,,
1,1654253530720,03/06/2022 10:52:10,1654253533128,2,03/06/2022 12:52:13,86110,10,task-qcms,,22261439,BLIND,6563293,,complete,,,computer,Desktop or Laptop,Windows 10,Chrome 101.0.0.0,1366x768,1366x625,Passed_Trials,AliceIntroVideos,9,NoSelfScoringInstruction,,Passed_Intro,,Passed_Trials,,Passed_Practice,AliceVideoWithoutCueSelection,,,BEGIN TASK,,,,,,,,,,0,1,0,,,,,,,,,
2,1654253715705,03/06/2022 10:55:15,1654253718053,2,03/06/2022 12:55:18,86110,10,task-qcms,,22261439,BLIND,6563293,,complete,,,computer,Desktop or Laptop,Windows 10,Chrome 101.0.0.0,1366x768,1366x625,Passed_Trials,AliceIntroVideos,9,NoSelfScoringInstruction,,Passed_Intro,,Passed_Trials,,Passed_Practice,AliceVideoWithoutCueSelection,AliceVideoWithoutCueSelection,1,1,1,Video,Zone1,content_video,183824.89999961853,,,,,0,1,0,,,,,,AliceDelayedWithoutCueSelectionVideo,,,
3,1654253715781,03/06/2022 10:55:15,1654253718071,2,03/06/2022 12:55:18,86110,10,task-qcms,,22261439,BLIND,6563293,,complete,,,computer,Desktop or Laptop,Windows 10,Chrome 101.0.0.0,1366x768,1366x625,Passed_Trials,AliceIntroVideos,9,NoSelfScoringInstruction,,Passed_Intro,,Passed_Trials,,Passed_Practice,AliceVideoWithoutCueSelection,,,END TASK,,,,,184944,,,,,0,1,0,,,,,,,,,
1,1654253497458,03/06/2022 10:51:37,1654253498634,2,03/06/2022 12:51:38,86110,10,task-qcms,,22261430,BLIND,6563287,,complete,,,computer,Desktop or Laptop,Windows 10,Chrome 101.0.4951.67,1366x768,1366x625,Passed_Trials,AliceIntroVideos,9,NoSelfScoringInstruction,,Passed_Intro,,Passed_Trials,,Passed_Practice,AliceVideoWithoutCueSelection,,,BEGIN TASK,,,,,,,,,,0,1,0,,,,,,,,,
2,1654253682623,03/06/2022 10:54:42,1654253683833,2,03/06/2022 12:54:43,86110,10,task-qcms,,22261430,BLIND,6563287,,complete,,,computer,Desktop or Laptop,Windows 10,Chrome 101.0.4951.67,1366x768,1366x625,Passed_Trials,AliceIntroVideos,9,NoSelfScoringInstruction,,Passed_Intro,,Passed_Trials,,Passed_Practice,AliceVideoWithoutCueSelection,AliceVideoWithoutCueSelection,1,1,1,Video,Zone1,content_video,184016.90000000596,,,,,0,1,0,,,,,,AliceDelayedWithoutCueSelectionVideo,,,
3,1654253682689,03/06/2022 10:54:42,1654253683840,2,03/06/2022 12:54:43,86110,10,task-qcms,,22261430,BLIND,6563287,,complete,,,computer,Desktop or Laptop,Windows 10,Chrome 101.0.4951.67,1366x768,1366x625,Passed_Trials,AliceIntroVideos,9,NoSelfScoringInstruction,,Passed_Intro,,Passed_Trials,,Passed_Practice,AliceVideoWithoutCueSelection,,,END TASK,,,,,185206,,,,,0,1,0,,,,,,,,,
1,1654253493225,03/06/2022 10:51:33,1654253501972,2,03/06/2022 12:51:41,86110,10,task-qcms,,22261426,BLIND,6563284,,complete,,,computer,Desktop or Laptop,Windows 10,Chrome 101.0.4951.67,1366x768,1366x657,Passed_Trials,AliceIntroVideos,9,NoSelfScoringInstruction,,Passed_Intro,,Passed_Trials,,Passed_Practice,AliceVideoWithoutCueSelection,,,BEGIN TASK,,,,,,,,,,0,1,0,,,,,,,,,
2,1654253677862,03/06/2022 10:54:37,1654253686591,2,03/06/2022 12:54:46,86110,10,task-qcms,,22261426,BLIND,6563284,,complete,,,computer,Desktop or Laptop,Windows 10,Chrome 101.0.4951.67,1366x768,1366x657,Passed_Trials,AliceIntroVideos,9,NoSelfScoringInstruction,,Passed_Intro,,Passed_Trials,,Passed_Practice,AliceVideoWithoutCueSelection,AliceVideoWithoutCueSelection,1,1,1,Video,Zone1,content_video,184042.10000002384,,,,,0,1,0,,,,,,AliceDelayedWithoutCueSelectionVideo,,,
3,1654253677951,03/06/2022 10:54:37,1654253686606,2,03/06/2022 12:54:46,86110,10,task-qcms,,22261426,BLIND,6563284,,complete,,,computer,Desktop or Laptop,Windows 10,Chrome 101.0.4951.67,1366x768,1366x657,Passed_Trials,AliceIntroVideos,9,NoSelfScoringInstruction,,Passed_Intro,,Passed_Trials,,Passed_Practice,AliceVideoWithoutCueSelection,,,END TASK,,,,,184635,,,,,0,1,0,,,,,,,,,
1,1654253483614,03/06/2022 10:51:23,1654253485462,2,03/06/2022 12:51:25,86110,10,task-qcms,,22261423,BLIND,6563280,,complete,,,computer,Desktop or Laptop,Windows 10,Chrome 102.0.5005.63,1366x768,1366x657,Passed_Trials,AliceIntroVideos,9,NoSelfScoringInstruction,,Passed_Intro,,Passed_Trials,,Passed_Practice,AliceVideoWithoutCueSelection,,,BEGIN TASK,,,,,,,,,,0,1,0,,,,,,,,,
2,1654253668336,03/06/2022 10:54:28,1654253670196,2,03/06/2022 12:54:30,86110,10,task-qcms,,22261423,BLIND,6563280,,complete,,,computer,Desktop or Laptop,Windows 10,Chrome 102.0.5005.63,1366x768,1366x657,Passed_Trials,AliceIntroVideos,9,NoSelfScoringInstruction,,Passed_Intro,,Passed_Trials,,Passed_Practice,AliceVideoWithoutCueSelection,AliceVideoWithoutCueSelection,1,1,1,Video,Zone1,content_video,184125.70000001788,,,,,0,1,0,,,,,,AliceDelayedWithoutCueSelectionVideo,,,
3,1654253668400,03/06/2022 10:54:28,1654253670204,2,03/06/2022 12:54:30,86110,10,task-qcms,,22261423,BLIND,6563280,,complete,,,computer,Desktop or Laptop,Windows 10,Chrome 102.0.5005.63,1366x768,1366x657,Passed_Trials,AliceIntroVideos,9,NoSelfScoringInstruction,,Passed_Intro,,Passed_Trials,,Passed_Practice,AliceVideoWithoutCueSelection,,,END TASK,,,,,184742,,,,,0,1,0,,,,,,,,,
1,1654253477922,03/06/2022 10:51:17,1654253481801,2,03/06/2022 12:51:21,86110,10,task-qcms,,22261419,BLIND,6563283,,complete,,,computer,Desktop or Laptop,Windows 10,Chrome 102.0.0.0,1366x768,1366x625,Passed_Trials,AliceIntroVideos,9,NoSelfScoringInstruction,,Passed_Intro,,Passed_Trials,,Passed_Practice,AliceVideoWithoutCueSelection,,,BEGIN TASK,,,,,,,,,,0,1,0,,,,,,,,,
2,1654253663477,03/06/2022 10:54:23,1654253667304,2,03/06/2022 12:54:27,86110,10,task-qcms,,22261419,BLIND,6563283,,complete,,,computer,Desktop or Laptop,Windows 10,Chrome 102.0.0.0,1366x768,1366x625,Passed_Trials,AliceIntroVideos,9,NoSelfScoringInstruction,,Passed_Intro,,Passed_Trials,,Passed_Practice,AliceVideoWithoutCueSelection,AliceVideoWithoutCueSelection,1,1,1,Video,Zone1,content_video,184140,,,,,0,1,0,,,,,,AliceDelayedWithoutCueSelectionVideo,,,
3,1654253663537,03/06/2022 10:54:23,1654253667315,2,03/06/2022 12:54:27,86110,10,task-qcms,,22261419,BLIND,6563283,,complete,,,computer,Desktop or Laptop,Windows 10,Chrome 102.0.0.0,1366x768,1366x625,Passed_Trials,AliceIntroVideos,9,NoSelfScoringInstruction,,Passed_Intro,,Passed_Trials,,Passed_Practice,AliceVideoWithoutCueSelection,,,END TASK,,,,,185514,,,,,0,1,0,,,,,,,,,
1,1654253466471,03/06/2022 10:51:06,1654253485400,2,03/06/2022 12:51:25,86110,10,task-qcms,,22261417,BLIND,6563282,,complete,,,computer,Desktop or Laptop,Windows 10,Chrome 101.0.4951.67,1366x768,1366x768,Passed_Trials,AliceIntroVideos,9,NoSelfScoringInstruction,,Passed_Intro,,Passed_Trials,,Passed_Practice,AliceVideoWithoutCueSelection,,,BEGIN TASK,,,,,,,,,,0,1,0,,,,,,,,,
2,1654253651855,03/06/2022 10:54:11,1654253670755,2,03/06/2022 12:54:30,86110,10,task-qcms,,22261417,BLIND,6563282,,complete,,,computer,Desktop or Laptop,Windows 10,Chrome 101.0.4951.67,1366x768,1366x768,Passed_Trials,AliceIntroVideos,9,NoSelfScoringInstruction,,Passed_Intro,,Passed_Trials,,Passed_Practice,AliceVideoWithoutCueSelection,AliceVideoWithoutCueSelection,1,1,1,Video,Zone1,content_video,184017.5,,,,,0,1,0,,,,,,AliceDelayedWithoutCueSelectionVideo,,,
3,1654253651902,03/06/2022 10:54:11,1654253670761,2,03/06/2022 12:54:30,86110,10,task-qcms,,22261417,BLIND,6563282,,complete,,,computer,Desktop or Laptop,Windows 10,Chrome 101.0.4951.67,1366x768,1366x768,Passed_Trials,AliceIntroVideos,9,NoSelfScoringInstruction,,Passed_Intro,,Passed_Trials,,Passed_Practice,AliceVideoWithoutCueSelection,,,END TASK,,,,,185361,,,,,0,1,0,,,,,,,,,
1,1655287516192,15/06/2022 10:05:16,1655287514583,2,15/06/2022 12:05:14,86110,10,task-qcms,,22493785,BLIND,6626673,,complete,,,computer,Desktop or Laptop,Chromium OS 14695.85.0,Chrome 102.0.0.0,1536x864,1536x746,Passed_Trials,AliceIntroVideos,9,NoSelfScoringInstruction,,Passed_Intro,,Passed_Trials,,Passed_Practice,AliceVideoWithoutCueSelection,,,BEGIN TASK,,,,,,,,,,0,1,0,,,,,,,,,
2,1655287700801,15/06/2022 10:08:20,1655287699299,2,15/06/2022 12:08:19,86110,10,task-qcms,,22493785,BLIND,6626673,,complete,,,computer,Desktop or Laptop,Chromium OS 14695.85.0,Chrome 102.0.0.0,1536x864,1536x746,Passed_Trials,AliceIntroVideos,9,NoSelfScoringInstruction,,Passed_Intro,,Passed_Trials,,Passed_Practice,AliceVideoWithoutCueSelection,AliceVideoWithoutCueSelection,1,1,1,Video,Zone1,content_video,184334,,,,,0,1,0,,,,,,AliceDelayedWithoutCueSelectionVideo,,,
3,1655287700856,15/06/2022 10:08:20,1655287699304,2,15/06/2022 12:08:19,86110,10,task-qcms,,22493785,BLIND,6626673,,complete,,,computer,Desktop or Laptop,Chromium OS 14695.85.0,Chrome 102.0.0.0,1536x864,1536x746,Passed_Trials,AliceIntroVideos,9,NoSelfScoringInstruction,,Passed_Intro,,Passed_Trials,,Passed_Practice,AliceVideoWithoutCueSelection,,,END TASK,,,,,184722,,,,,0,1,0,,,,,,,,,
1,1655287474272,15/06/2022 10:04:34,1655287472951,2,15/06/2022 12:04:32,86110,10,task-qcms,,22493773,BLIND,6626669,,complete,,,computer,Desktop or Laptop,Chromium OS 14695.85.0,Chrome 102.0.0.0,1536x864,1536x746,Passed_Trials,AliceIntroVideos,9,NoSelfScoringInstruction,,Passed_Intro,,Passed_Trials,,Passed_Practice,AliceVideoWithoutCueSelection,,,BEGIN TASK,,,,,,,,,,0,1,0,,,,,,,,,
2,1655287658659,15/06/2022 10:07:38,1655287657421,2,15/06/2022 12:07:37,86110,10,task-qcms,,22493773,BLIND,6626669,,complete,,,computer,Desktop or Laptop,Chromium OS 14695.85.0,Chrome 102.0.0.0,1536x864,1536x746,Passed_Trials,AliceIntroVideos,9,NoSelfScoringInstruction,,Passed_Intro,,Passed_Trials,,Passed_Practice,AliceVideoWithoutCueSelection,AliceVideoWithoutCueSelection,1,1,1,Video,Zone1,content_video,184167,,,,,0,1,0,,,,,,AliceDelayedWithoutCueSelectionVideo,,,
3,1655287658710,15/06/2022 10:07:38,1655287657425,2,15/06/2022 12:07:37,86110,10,task-qcms,,22493773,BLIND,6626669,,complete,,,computer,Desktop or Laptop,Chromium OS 14695.85.0,Chrome 102.0.0.0,1536x864,1536x746,Passed_Trials,AliceIntroVideos,9,NoSelfScoringInstruction,,Passed_Intro,,Passed_Trials,,Passed_Practice,AliceVideoWithoutCueSelection,,,END TASK,,,,,184474,,,,,0,1,0,,,,,,,,,
1,1655287473543,15/06/2022 10:04:33,1655287471336,2,15/06/2022 12:04:31,86110,10,task-qcms,,22493771,BLIND,6626660,,complete,,,computer,Desktop or Laptop,Chromium OS 14695.85.0,Chrome 102.0.0.0,1536x864,1536x794,Passed_Trials,AliceIntroVideos,9,NoSelfScoringInstruction,,Passed_Intro,,Passed_Trials,,Passed_Practice,AliceVideoWithoutCueSelection,,,BEGIN TASK,,,,,,,,,,0,1,0,,,,,,,,,
2,1655287658750,15/06/2022 10:07:38,1655287656611,2,15/06/2022 12:07:36,86110,10,task-qcms,,22493771,BLIND,6626660,,complete,,,computer,Desktop or Laptop,Chromium OS 14695.85.0,Chrome 102.0.0.0,1536x864,1536x794,Passed_Trials,AliceIntroVideos,9,NoSelfScoringInstruction,,Passed_Intro,,Passed_Trials,,Passed_Practice,AliceVideoWithoutCueSelection,AliceVideoWithoutCueSelection,1,1,1,Video,Zone1,content_video,184545.5,,,,,0,1,0,,,,,,AliceDelayedWithoutCueSelectionVideo,,,
3,1655287658826,15/06/2022 10:07:38,1655287656627,2,15/06/2022 12:07:36,86110,10,task-qcms,,22493771,BLIND,6626660,,complete,,,computer,Desktop or Laptop,Chromium OS 14695.85.0,Chrome 102.0.0.0,1536x864,1536x794,Passed_Trials,AliceIntroVideos,9,NoSelfScoringInstruction,,Passed_Intro,,Passed_Trials,,Passed_Practice,AliceVideoWithoutCueSelection,,,END TASK,,,,,185292,,,,,0,1,0,,,,,,,,,
1,1655287457976,15/06/2022 10:04:17,1655287455972,2,15/06/2022 12:04:15,86110,10,task-qcms,,22493761,BLIND,6626656,,complete,,,computer,Desktop or Laptop,Chromium OS 14695.85.0,Chrome 102.0.0.0,1536x864,1536x746,Passed_Trials,AliceIntroVideos,9,NoSelfScoringInstruction,,Passed_Intro,,Passed_Trials,,Passed_Practice,AliceVideoWithoutCueSelection,,,BEGIN TASK,,,,,,,,,,0,1,0,,,,,,,,,
2,1655287642446,15/06/2022 10:07:22,1655287640509,2,15/06/2022 12:07:20,86110,10,task-qcms,,22493761,BLIND,6626656,,complete,,,computer,Desktop or Laptop,Chromium OS 14695.85.0,Chrome 102.0.0.0,1536x864,1536x746,Passed_Trials,AliceIntroVideos,9,NoSelfScoringInstruction,,Passed_Intro,,Passed_Trials,,Passed_Practice,AliceVideoWithoutCueSelection,AliceVideoWithoutCueSelection,1,1,1,Video,Zone1,content_video,184166.19999999998,,,,,0,1,0,,,,,,AliceDelayedWithoutCueSelectionVideo,,,
3,1655287642534,15/06/2022 10:07:22,1655287640514,2,15/06/2022 12:07:20,86110,10,task-qcms,,22493761,BLIND,6626656,,complete,,,computer,Desktop or Laptop,Chromium OS 14695.85.0,Chrome 102.0.0.0,1536x864,1536x746,Passed_Trials,AliceIntroVideos,9,NoSelfScoringInstruction,,Passed_Intro,,Passed_Trials,,Passed_Practice,AliceVideoWithoutCueSelection,,,END TASK,,,,,184542,,,,,0,1,0,,,,,,,,,
1,1655287443556,15/06/2022 10:04:03,1655287442229,2,15/06/2022 12:04:02,86110,10,task-qcms,,22493759,BLIND,6626650,,complete,,,computer,Desktop or Laptop,Chromium OS 14695.85.0,Chrome 102.0.0.0,1536x864,1536x746,Passed_Trials,AliceIntroVideos,9,NoSelfScoringInstruction,,Passed_Intro,,Passed_Trials,,Passed_Practice,AliceVideoWithoutCueSelection,,,BEGIN TASK,,,,,,,,,,0,1,0,,,,,,,,,
2,1655287627972,15/06/2022 10:07:07,1655287626734,2,15/06/2022 12:07:06,86110,10,task-qcms,,22493759,BLIND,6626650,,complete,,,computer,Desktop or Laptop,Chromium OS 14695.85.0,Chrome 102.0.0.0,1536x864,1536x746,Passed_Trials,AliceIntroVideos,9,NoSelfScoringInstruction,,Passed_Intro,,Passed_Trials,,Passed_Practice,AliceVideoWithoutCueSelection,AliceVideoWithoutCueSelection,1,1,1,Video,Zone1,content_video,184132.40000000002,,,,,0,1,0,,,,,,AliceDelayedWithoutCueSelectionVideo,,,
3,1655287628049,15/06/2022 10:07:08,1655287626765,2,15/06/2022 12:07:06,86110,10,task-qcms,,22493759,BLIND,6626650,,complete,,,computer,Desktop or Laptop,Chromium OS 14695.85.0,Chrome 102.0.0.0,1536x864,1536x746,Passed_Trials,AliceIntroVideos,9,NoSelfScoringInstruction,,Passed_Intro,,Passed_Trials,,Passed_Practice,AliceVideoWithoutCueSelection,,,END TASK,,,,,184536,,,,,0,1,0,,,,,,,,,
1,1655287442371,15/06/2022 10:04:02,1655287441451,2,15/06/2022 12:04:01,86110,10,task-qcms,,22493757,BLIND,6626664,,complete,,,computer,Desktop or Laptop,Windows 10,Chrome 102.0.0.0,1440x900,1440x749,Passed_Trials,AliceIntroVideos,9,NoSelfScoringInstruction,,Passed_Intro,,Passed_Trials,,Passed_Practice,AliceVideoWithoutCueSelection,,,BEGIN TASK,,,,,,,,,,0,1,0,,,,,,,,,
2,1655287626842,15/06/2022 10:07:06,1655287625772,2,15/06/2022 12:07:05,86110,10,task-qcms,,22493757,BLIND,6626664,,complete,,,computer,Desktop or Laptop,Windows 10,Chrome 102.0.0.0,1440x900,1440x749,Passed_Trials,AliceIntroVideos,9,NoSelfScoringInstruction,,Passed_Intro,,Passed_Trials,,Passed_Practice,AliceVideoWithoutCueSelection,AliceVideoWithoutCueSelection,1,1,1,Video,Zone1,content_video,183828.39999985695,,,,,0,1,0,,,,,,AliceDelayedWithoutCueSelectionVideo,,,
3,1655287626941,15/06/2022 10:07:06,1655287625780,2,15/06/2022 12:07:05,86110,10,task-qcms,,22493757,BLIND,6626664,,complete,,,computer,Desktop or Laptop,Windows 10,Chrome 102.0.0.0,1440x900,1440x749,Passed_Trials,AliceIntroVideos,9,NoSelfScoringInstruction,,Passed_Intro,,Passed_Trials,,Passed_Practice,AliceVideoWithoutCueSelection,,,END TASK,,,,,184329,,,,,0,1,0,,,,,,,,,
1,1655287429964,15/06/2022 10:03:49,1655287428027,2,15/06/2022 12:03:48,86110,10,task-qcms,,22493749,BLIND,6626643,,complete,,,computer,Desktop or Laptop,Chromium OS 14695.85.0,Chrome 102.0.0.0,1536x864,1536x746,Passed_Trials,AliceIntroVideos,9,NoSelfScoringInstruction,,Passed_Intro,,Passed_Trials,,Passed_Practice,AliceVideoWithoutCueSelection,,,BEGIN TASK,,,,,,,,,,0,1,0,,,,,,,,,
2,1655287616293,15/06/2022 10:06:56,1655287614448,2,15/06/2022 12:06:54,86110,10,task-qcms,,22493749,BLIND,6626643,,complete,,,computer,Desktop or Laptop,Chromium OS 14695.85.0,Chrome 102.0.0.0,1536x864,1536x746,Passed_Trials,AliceIntroVideos,9,NoSelfScoringInstruction,,Passed_Intro,,Passed_Trials,,Passed_Practice,AliceVideoWithoutCueSelection,AliceVideoWithoutCueSelection,1,1,1,Video,Zone1,content_video,185576.80000000002,,,,,0,1,0,,,,,,AliceDelayedWithoutCueSelectionVideo,,,
3,1655287616355,15/06/2022 10:06:56,1655287614452,2,15/06/2022 12:06:54,86110,10,task-qcms,,22493749,BLIND,6626643,,complete,,,computer,Desktop or Laptop,Chromium OS 14695.85.0,Chrome 102.0.0.0,1536x864,1536x746,Passed_Trials,AliceIntroVideos,9,NoSelfScoringInstruction,,Passed_Intro,,Passed_Trials,,Passed_Practice,AliceVideoWithoutCueSelection,,,END TASK,,,,,186425,,,,,0,1,0,,,,,,,,,
1,1655287422759,15/06/2022 10:03:42,1655287421255,2,15/06/2022 12:03:41,86110,10,task-qcms,,22493743,BLIND,6626662,,complete,,,computer,Desktop or Laptop,Chromium OS 14695.85.0,Chrome 102.0.0.0,1616x909,1616x791,Passed_Trials,AliceIntroVideos,9,NoSelfScoringInstruction,,Passed_Intro,,Passed_Trials,,Passed_Practice,AliceVideoWithoutCueSelection,,,BEGIN TASK,,,,,,,,,,0,1,0,,,,,,,,,
2,1655287607547,15/06/2022 10:06:47,1655287606111,2,15/06/2022 12:06:46,86110,10,task-qcms,,22493743,BLIND,6626662,,complete,,,computer,Desktop or Laptop,Chromium OS 14695.85.0,Chrome 102.0.0.0,1616x909,1616x791,Passed_Trials,AliceIntroVideos,9,NoSelfScoringInstruction,,Passed_Intro,,Passed_Trials,,Passed_Practice,AliceVideoWithoutCueSelection,AliceVideoWithoutCueSelection,1,1,1,Video,Zone1,content_video,184510.30000000002,,,,,0,1,0,,,,,,AliceDelayedWithoutCueSelectionVideo,,,
3,1655287607616,15/06/2022 10:06:47,1655287606116,2,15/06/2022 12:06:46,86110,10,task-qcms,,22493743,BLIND,6626662,,complete,,,computer,Desktop or Laptop,Chromium OS 14695.85.0,Chrome 102.0.0.0,1616x909,1616x791,Passed_Trials,AliceIntroVideos,9,NoSelfScoringInstruction,,Passed_Intro,,Passed_Trials,,Passed_Practice,AliceVideoWithoutCueSelection,,,END TASK,,,,,184862,,,,,0,1,0,,,,,,,,,
1,1655287420944,15/06/2022 10:03:40,1655287419929,2,15/06/2022 12:03:39,86110,10,task-qcms,,22493742,BLIND,6626667,,complete,,,computer,Desktop or Laptop,Chromium OS 14695.85.0,Chrome 102.0.0.0,1536x864,1536x794,Passed_Trials,AliceIntroVideos,9,NoSelfScoringInstruction,,Passed_Intro,,Passed_Trials,,Passed_Practice,AliceVideoWithoutCueSelection,,,BEGIN TASK,,,,,,,,,,0,1,0,,,,,,,,,
2,1655287605351,15/06/2022 10:06:45,1655287604423,2,15/06/2022 12:06:44,86110,10,task-qcms,,22493742,BLIND,6626667,,complete,,,computer,Desktop or Laptop,Chromium OS 14695.85.0,Chrome 102.0.0.0,1536x864,1536x794,Passed_Trials,AliceIntroVideos,9,NoSelfScoringInstruction,,Passed_Intro,,Passed_Trials,,Passed_Practice,AliceVideoWithoutCueSelection,AliceVideoWithoutCueSelection,1,1,1,Video,Zone1,content_video,184166.00000000003,,,,,0,1,0,,,,,,AliceDelayedWithoutCueSelectionVideo,,,
3,1655287605396,15/06/2022 10:06:45,1655287604428,2,15/06/2022 12:06:44,86110,10,task-qcms,,22493742,BLIND,6626667,,complete,,,computer,Desktop or Laptop,Chromium OS 14695.85.0,Chrome 102.0.0.0,1536x864,1536x794,Passed_Trials,AliceIntroVideos,9,NoSelfScoringInstruction,,Passed_Intro,,Passed_Trials,,Passed_Practice,AliceVideoWithoutCueSelection,,,END TASK,,,,,184499,,,,,0,1,0,,,,,,,,,
1,1655287396407,15/06/2022 10:03:16,1655287396071,2,15/06/2022 12:03:16,86110,10,task-qcms,,22493730,BLIND,6626652,,complete,,,computer,Desktop or Laptop,Chromium OS 14695.85.0,Chrome 102.0.0.0,1536x864,1536x746,Passed_Trials,AliceIntroVideos,9,NoSelfScoringInstruction,,Passed_Intro,,Passed_Trials,,Passed_Practice,AliceVideoWithoutCueSelection,,,BEGIN TASK,,,,,,,,,,0,1,0,,,,,,,,,
2,1655287581193,15/06/2022 10:06:21,1655287580938,2,15/06/2022 12:06:20,86110,10,task-qcms,,22493730,BLIND,6626652,,complete,,,computer,Desktop or Laptop,Chromium OS 14695.85.0,Chrome 102.0.0.0,1536x864,1536x746,Passed_Trials,AliceIntroVideos,9,NoSelfScoringInstruction,,Passed_Intro,,Passed_Trials,,Passed_Practice,AliceVideoWithoutCueSelection,AliceVideoWithoutCueSelection,1,1,1,Video,Zone1,content_video,184163.40000000002,,,,,0,1,0,,,,,,AliceDelayedWithoutCueSelectionVideo,,,
3,1655287581246,15/06/2022 10:06:21,1655287580946,2,15/06/2022 12:06:20,86110,10,task-qcms,,22493730,BLIND,6626652,,complete,,,computer,Desktop or Laptop,Chromium OS 14695.85.0,Chrome 102.0.0.0,1536x864,1536x746,Passed_Trials,AliceIntroVideos,9,NoSelfScoringInstruction,,Passed_Intro,,Passed_Trials,,Passed_Practice,AliceVideoWithoutCueSelection,,,END TASK,,,,,184875,,,,,0,1,0,,,,,,,,,
1,1655287375664,15/06/2022 10:02:55,1655287374620,2,15/06/2022 12:02:54,86110,10,task-qcms,,22493721,BLIND,6626653,,complete,,,computer,Desktop or Laptop,Chromium OS 14695.85.0,Chrome 102.0.0.0,1536x864,1536x714,Passed_Trials,AliceIntroVideos,9,NoSelfScoringInstruction,,Passed_Intro,,Passed_Trials,,Passed_Practice,AliceVideoWithoutCueSelection,,,BEGIN TASK,,,,,,,,,,0,1,0,,,,,,,,,
2,1655287416437,15/06/2022 10:03:36,1655287415457,2,15/06/2022 12:03:35,86110,10,task-qcms,,22493721,BLIND,6626653,,complete,,,computer,Desktop or Laptop,Chromium OS 14695.85.0,Chrome 102.0.0.0,1536x864,1536x714,Passed_Trials,AliceIntroVideos,9,NoSelfScoringInstruction,,Passed_Intro,,Passed_Trials,,Passed_Practice,AliceVideoWithoutCueSelection,,,BEGIN TASK,,,,,,,,,,0,1,0,,,,,,,,,
3,1655287601802,15/06/2022 10:06:41,1655287600757,2,15/06/2022 12:06:40,86110,10,task-qcms,,22493721,BLIND,6626653,,complete,,,computer,Desktop or Laptop,Chromium OS 14695.85.0,Chrome 102.0.0.0,1536x864,1536x714,Passed_Trials,AliceIntroVideos,9,NoSelfScoringInstruction,,Passed_Intro,,Passed_Trials,,Passed_Practice,AliceVideoWithoutCueSelection,AliceVideoWithoutCueSelection,1,1,1,Video,Zone1,content_video,185136.3,,,,,0,1,0,,,,,,AliceDelayedWithoutCueSelectionVideo,,,
4,1655287601883,15/06/2022 10:06:41,1655287600762,2,15/06/2022 12:06:40,86110,10,task-qcms,,22493721,BLIND,6626653,,complete,,,computer,Desktop or Laptop,Chromium OS 14695.85.0,Chrome 102.0.0.0,1536x864,1536x714,Passed_Trials,AliceIntroVideos,9,NoSelfScoringInstruction,,Passed_Intro,,Passed_Trials,,Passed_Practice,AliceVideoWithoutCueSelection,,,END TASK,,,,,185305,,,,,0,1,0,,,,,,,,,
1,1655119284069,13/06/2022 11:21:24,1655119283146,2,13/06/2022 13:21:23,86110,10,task-qcms,,22442005,BLIND,6613797,,complete,,,computer,Desktop or Laptop,Chromium OS 14695.85.0,Chrome 102.0.5005.75,1536x864,1536x746,Passed_Trials,AliceIntroVideos,9,NoSelfScoringInstruction,,Passed_Intro,,Passed_Trials,,Passed_Practice,AliceVideoWithoutCueSelection,,,BEGIN TASK,,,,,,,,,,0,1,0,,,,,,,,,
2,1655119468323,13/06/2022 11:24:28,1655119467475,2,13/06/2022 13:24:27,86110,10,task-qcms,,22442005,BLIND,6613797,,complete,,,computer,Desktop or Laptop,Chromium OS 14695.85.0,Chrome 102.0.5005.75,1536x864,1536x746,Passed_Trials,AliceIntroVideos,9,NoSelfScoringInstruction,,Passed_Intro,,Passed_Trials,,Passed_Practice,AliceVideoWithoutCueSelection,AliceVideoWithoutCueSelection,1,1,1,Video,Zone1,content_video,184159.70000000007,,,,,0,1,0,,,,,,AliceDelayedWithoutCueSelectionVideo,,,
3,1655119468396,13/06/2022 11:24:28,1655119467480,2,13/06/2022 13:24:27,86110,10,task-qcms,,22442005,BLIND,6613797,,complete,,,computer,Desktop or Laptop,Chromium OS 14695.85.0,Chrome 102.0.5005.75,1536x864,1536x746,Passed_Trials,AliceIntroVideos,9,NoSelfScoringInstruction,,Passed_Intro,,Passed_Trials,,Passed_Practice,AliceVideoWithoutCueSelection,,,END TASK,,,,,184334,,,,,0,1,0,,,,,,,,,
1,1655118999863,13/06/2022 11:16:39,1655118999176,2,13/06/2022 13:16:39,86110,10,task-qcms,,22441889,BLIND,6613738,,complete,,,computer,Desktop or Laptop,Chromium OS 14695.85.0,Chrome 102.0.5005.75,1616x909,1616x791,Passed_Trials,AliceIntroVideos,9,NoSelfScoringInstruction,,Passed_Intro,,Passed_Trials,,Passed_Practice,AliceVideoWithoutCueSelection,,,BEGIN TASK,,,,,,,,,,0,1,0,,,,,,,,,
2,1655119184210,13/06/2022 11:19:44,1655119183495,2,13/06/2022 13:19:43,86110,10,task-qcms,,22441889,BLIND,6613738,,complete,,,computer,Desktop or Laptop,Chromium OS 14695.85.0,Chrome 102.0.5005.75,1616x909,1616x791,Passed_Trials,AliceIntroVideos,9,NoSelfScoringInstruction,,Passed_Intro,,Passed_Trials,,Passed_Practice,AliceVideoWithoutCueSelection,AliceVideoWithoutCueSelection,1,1,1,Video,Zone1,content_video,183880.2,,,,,0,1,0,,,,,,AliceDelayedWithoutCueSelectionVideo,,,
3,1655119184273,13/06/2022 11:19:44,1655119183500,2,13/06/2022 13:19:43,86110,10,task-qcms,,22441889,BLIND,6613738,,complete,,,computer,Desktop or Laptop,Chromium OS 14695.85.0,Chrome 102.0.5005.75,1616x909,1616x791,Passed_Trials,AliceIntroVideos,9,NoSelfScoringInstruction,,Passed_Intro,,Passed_Trials,,Passed_Practice,AliceVideoWithoutCueSelection,,,END TASK,,,,,184324,,,,,0,1,0,,,,,,,,,
1,1655118919068,13/06/2022 11:15:19,1655118918374,2,13/06/2022 13:15:18,86110,10,task-qcms,,22441835,BLIND,6613727,,complete,,,computer,Desktop or Laptop,Chromium OS 14695.85.0,Chrome 102.0.0.0,1536x864,1536x746,Passed_Trials,AliceIntroVideos,9,NoSelfScoringInstruction,,Passed_Intro,,Passed_Trials,,Passed_Practice,AliceVideoWithoutCueSelection,,,BEGIN TASK,,,,,,,,,,0,1,0,,,,,,,,,
2,1655119103241,13/06/2022 11:18:23,1655119102649,2,13/06/2022 13:18:22,86110,10,task-qcms,,22441835,BLIND,6613727,,complete,,,computer,Desktop or Laptop,Chromium OS 14695.85.0,Chrome 102.0.0.0,1536x864,1536x746,Passed_Trials,AliceIntroVideos,9,NoSelfScoringInstruction,,Passed_Intro,,Passed_Trials,,Passed_Practice,AliceVideoWithoutCueSelection,AliceVideoWithoutCueSelection,1,1,1,Video,Zone1,content_video,183954.7,,,,,0,1,0,,,,,,AliceDelayedWithoutCueSelectionVideo,,,
3,1655119103298,13/06/2022 11:18:23,1655119102655,2,13/06/2022 13:18:22,86110,10,task-qcms,,22441835,BLIND,6613727,,complete,,,computer,Desktop or Laptop,Chromium OS 14695.85.0,Chrome 102.0.0.0,1536x864,1536x746,Passed_Trials,AliceIntroVideos,9,NoSelfScoringInstruction,,Passed_Intro,,Passed_Trials,,Passed_Practice,AliceVideoWithoutCueSelection,,,END TASK,,,,,184281,,,,,0,1,0,,,,,,,,,
1,1655118838253,13/06/2022 11:13:58,1655118837641,2,13/06/2022 13:13:57,86110,10,task-qcms,,22441791,BLIND,6613712,,complete,,,computer,Desktop or Laptop,Chromium OS 14695.85.0,Chrome 102.0.0.0,1536x864,1536x746,Passed_Trials,AliceIntroVideos,9,NoSelfScoringInstruction,,Passed_Intro,,Passed_Trials,,Passed_Practice,AliceVideoWithoutCueSelection,,,BEGIN TASK,,,,,,,,,,0,1,0,,,,,,,,,
2,1655119022840,13/06/2022 11:17:02,1655119022290,2,13/06/2022 13:17:02,86110,10,task-qcms,,22441791,BLIND,6613712,,complete,,,computer,Desktop or Laptop,Chromium OS 14695.85.0,Chrome 102.0.0.0,1536x864,1536x746,Passed_Trials,AliceIntroVideos,9,NoSelfScoringInstruction,,Passed_Intro,,Passed_Trials,,Passed_Practice,AliceVideoWithoutCueSelection,AliceVideoWithoutCueSelection,1,1,1,Video,Zone1,content_video,184160.40000000002,,,,,0,1,0,,,,,,AliceDelayedWithoutCueSelectionVideo,,,
3,1655119022923,13/06/2022 11:17:02,1655119022296,2,13/06/2022 13:17:02,86110,10,task-qcms,,22441791,BLIND,6613712,,complete,,,computer,Desktop or Laptop,Chromium OS 14695.85.0,Chrome 102.0.0.0,1536x864,1536x746,Passed_Trials,AliceIntroVideos,9,NoSelfScoringInstruction,,Passed_Intro,,Passed_Trials,,Passed_Practice,AliceVideoWithoutCueSelection,,,END TASK,,,,,184655,,,,,0,1,0,,,,,,,,,
1,1655118815664,13/06/2022 11:13:35,1655118815001,2,13/06/2022 13:13:35,86110,10,task-qcms,,22441780,BLIND,6613719,,complete,,,computer,Desktop or Laptop,Chromium OS 14695.85.0,Chrome 102.0.0.0,1536x864,1536x746,Passed_Trials,AliceIntroVideos,9,NoSelfScoringInstruction,,Passed_Intro,,Passed_Trials,,Passed_Practice,AliceVideoWithoutCueSelection,,,BEGIN TASK,,,,,,,,,,0,1,0,,,,,,,,,
2,1655119000192,13/06/2022 11:16:40,1655118999519,2,13/06/2022 13:16:39,86110,10,task-qcms,,22441780,BLIND,6613719,,complete,,,computer,Desktop or Laptop,Chromium OS 14695.85.0,Chrome 102.0.0.0,1536x864,1536x746,Passed_Trials,AliceIntroVideos,9,NoSelfScoringInstruction,,Passed_Intro,,Passed_Trials,,Passed_Practice,AliceVideoWithoutCueSelection,AliceVideoWithoutCueSelection,1,1,1,Video,Zone1,content_video,184078.90000000002,,,,,0,1,0,,,,,,AliceDelayedWithoutCueSelectionVideo,,,
3,1655119000258,13/06/2022 11:16:40,1655118999524,2,13/06/2022 13:16:39,86110,10,task-qcms,,22441780,BLIND,6613719,,complete,,,computer,Desktop or Laptop,Chromium OS 14695.85.0,Chrome 102.0.0.0,1536x864,1536x746,Passed_Trials,AliceIntroVideos,9,NoSelfScoringInstruction,,Passed_Intro,,Passed_Trials,,Passed_Practice,AliceVideoWithoutCueSelection,,,END TASK,,,,,184524,,,,,0,1,0,,,,,,,,,
1,1655118780498,13/06/2022 11:13:00,1655118780385,2,13/06/2022 13:13:00,86110,10,task-qcms,,22441763,BLIND,6613725,,complete,,,computer,Desktop or Laptop,Chromium OS 14695.85.0,Chrome 102.0.0.0,1536x864,1100x770,Passed_Trials,AliceIntroVideos,9,NoSelfScoringInstruction,,Passed_Intro,,Passed_Trials,,Passed_Practice,AliceVideoWithoutCueSelection,,,BEGIN TASK,,,,,,,,,,0,1,0,,,,,,,,,
2,1655118965558,13/06/2022 11:16:05,1655118965389,2,13/06/2022 13:16:05,86110,10,task-qcms,,22441763,BLIND,6613725,,complete,,,computer,Desktop or Laptop,Chromium OS 14695.85.0,Chrome 102.0.0.0,1536x864,1100x770,Passed_Trials,AliceIntroVideos,9,NoSelfScoringInstruction,,Passed_Intro,,Passed_Trials,,Passed_Practice,AliceVideoWithoutCueSelection,AliceVideoWithoutCueSelection,1,1,1,Video,Zone1,content_video,184132.4,,,,,0,1,0,,,,,,AliceDelayedWithoutCueSelectionVideo,,,
3,1655118965618,13/06/2022 11:16:05,1655118965394,2,13/06/2022 13:16:05,86110,10,task-qcms,,22441763,BLIND,6613725,,complete,,,computer,Desktop or Laptop,Chromium OS 14695.85.0,Chrome 102.0.0.0,1536x864,1100x770,Passed_Trials,AliceIntroVideos,9,NoSelfScoringInstruction,,Passed_Intro,,Passed_Trials,,Passed_Practice,AliceVideoWithoutCueSelection,,,END TASK,,,,,185010,,,,,0,1,0,,,,,,,,,
1,1655118771117,13/06/2022 11:12:51,1655118770290,2,13/06/2022 13:12:50,86110,10,task-qcms,,22441761,BLIND,6613717,,complete,,,computer,Desktop or Laptop,Mac OS 10.15.7,Chrome 102.0.5005.61,1440x900,1440x789,Passed_Trials,AliceIntroVideos,9,NoSelfScoringInstruction,,Passed_Intro,,Passed_Trials,,Passed_Practice,AliceVideoWithoutCueSelection,,,BEGIN TASK,,,,,,,,,,0,1,0,,,,,,,,,
2,1655118956086,13/06/2022 11:15:56,1655118955202,2,13/06/2022 13:15:55,86110,10,task-qcms,,22441761,BLIND,6613717,,complete,,,computer,Desktop or Laptop,Mac OS 10.15.7,Chrome 102.0.5005.61,1440x900,1440x789,Passed_Trials,AliceIntroVideos,9,NoSelfScoringInstruction,,Passed_Intro,,Passed_Trials,,Passed_Practice,AliceVideoWithoutCueSelection,AliceVideoWithoutCueSelection,1,1,1,Video,Zone1,content_video,184207.60000000894,,,,,0,1,0,,,,,,AliceDelayedWithoutCueSelectionVideo,,,
3,1655118956146,13/06/2022 11:15:56,1655118955207,2,13/06/2022 13:15:55,86110,10,task-qcms,,22441761,BLIND,6613717,,complete,,,computer,Desktop or Laptop,Mac OS 10.15.7,Chrome 102.0.5005.61,1440x900,1440x789,Passed_Trials,AliceIntroVideos,9,NoSelfScoringInstruction,,Passed_Intro,,Passed_Trials,,Passed_Practice,AliceVideoWithoutCueSelection,,,END TASK,,,,,184917,,,,,0,1,0,,,,,,,,,
1,1655118682367,13/06/2022 11:11:22,1655118681967,2,13/06/2022 13:11:21,86110,10,task-qcms,,22441708,BLIND,6613708,,complete,,,computer,Desktop or Laptop,Chromium OS 14695.85.0,Chrome 102.0.5005.75,1536x864,1536x746,Passed_Trials,AliceIntroVideos,9,NoSelfScoringInstruction,,Passed_Intro,,Passed_Trials,,Passed_Practice,AliceVideoWithoutCueSelection,,,BEGIN TASK,,,,,,,,,,0,1,0,,,,,,,,,
2,1655118867715,13/06/2022 11:14:27,1655118867323,2,13/06/2022 13:14:27,86110,10,task-qcms,,22441708,BLIND,6613708,,complete,,,computer,Desktop or Laptop,Chromium OS 14695.85.0,Chrome 102.0.5005.75,1536x864,1536x746,Passed_Trials,AliceIntroVideos,9,NoSelfScoringInstruction,,Passed_Intro,,Passed_Trials,,Passed_Practice,AliceVideoWithoutCueSelection,AliceVideoWithoutCueSelection,1,1,1,Video,Zone1,content_video,184294.80000000002,,,,,0,1,0,,,,,,AliceDelayedWithoutCueSelectionVideo,,,
3,1655118867790,13/06/2022 11:14:27,1655118867332,2,13/06/2022 13:14:27,86110,10,task-qcms,,22441708,BLIND,6613708,,complete,,,computer,Desktop or Laptop,Chromium OS 14695.85.0,Chrome 102.0.5005.75,1536x864,1536x746,Passed_Trials,AliceIntroVideos,9,NoSelfScoringInstruction,,Passed_Intro,,Passed_Trials,,Passed_Practice,AliceVideoWithoutCueSelection,,,END TASK,,,,,185366,,,,,0,1,0,,,,,,,,,
1,1654765884307,09/06/2022 09:11:24,1654765885409,2,09/06/2022 11:11:25,86110,10,task-qcms,,22372107,BLIND,6594522,,complete,,,computer,Desktop or Laptop,Windows 10,Edge 102.0.1245.33,1280x720,1280x648,Passed_Trials,AliceIntroVideos,9,NoSelfScoringInstruction,,Passed_Intro,,Passed_Trials,,Passed_Practice,AliceVideoWithoutCueSelection,,,BEGIN TASK,,,,,,,,,,0,1,0,,,,,,,,,
2,1654766069081,09/06/2022 09:14:29,1654766070129,2,09/06/2022 11:14:30,86110,10,task-qcms,,22372107,BLIND,6594522,,complete,,,computer,Desktop or Laptop,Windows 10,Edge 102.0.1245.33,1280x720,1280x648,Passed_Trials,AliceIntroVideos,9,NoSelfScoringInstruction,,Passed_Intro,,Passed_Trials,,Passed_Practice,AliceVideoWithoutCueSelection,AliceVideoWithoutCueSelection,1,1,1,Video,Zone1,content_video,183757,,,,,0,1,0,,,,,,AliceDelayedWithoutCueSelectionVideo,,,
3,1654766069189,09/06/2022 09:14:29,1654766070138,2,09/06/2022 11:14:30,86110,10,task-qcms,,22372107,BLIND,6594522,,complete,,,computer,Desktop or Laptop,Windows 10,Edge 102.0.1245.33,1280x720,1280x648,Passed_Trials,AliceIntroVideos,9,NoSelfScoringInstruction,,Passed_Intro,,Passed_Trials,,Passed_Practice,AliceVideoWithoutCueSelection,,,END TASK,,,,,184729,,,,,0,1,0,,,,,,,,,
1,1654765729097,09/06/2022 09:08:49,1654765728532,2,09/06/2022 11:08:48,86110,10,task-qcms,,22372050,BLIND,6594497,,complete,,,computer,Desktop or Laptop,Windows 10,Chrome 102.0.5005.63,1600x900,1600x757,Passed_Trials,AliceIntroVideos,9,NoSelfScoringInstruction,,Passed_Intro,,Passed_Trials,,Passed_Practice,AliceVideoWithoutCueSelection,,,BEGIN TASK,,,,,,,,,,0,1,0,,,,,,,,,
2,1654765913689,09/06/2022 09:11:53,1654765913103,2,09/06/2022 11:11:53,86110,10,task-qcms,,22372050,BLIND,6594497,,complete,,,computer,Desktop or Laptop,Windows 10,Chrome 102.0.5005.63,1600x900,1600x757,Passed_Trials,AliceIntroVideos,9,NoSelfScoringInstruction,,Passed_Intro,,Passed_Trials,,Passed_Practice,AliceVideoWithoutCueSelection,AliceVideoWithoutCueSelection,1,1,1,Video,Zone1,content_video,183801.30000007153,,,,,0,1,0,,,,,,AliceDelayedWithoutCueSelectionVideo,,,
3,1654765913761,09/06/2022 09:11:53,1654765913109,2,09/06/2022 11:11:53,86110,10,task-qcms,,22372050,BLIND,6594497,,complete,,,computer,Desktop or Laptop,Windows 10,Chrome 102.0.5005.63,1600x900,1600x757,Passed_Trials,AliceIntroVideos,9,NoSelfScoringInstruction,,Passed_Intro,,Passed_Trials,,Passed_Practice,AliceVideoWithoutCueSelection,,,END TASK,,,,,184577,,,,,0,1,0,,,,,,,,,
1,1654765623539,09/06/2022 09:07:03,1654765623833,2,09/06/2022 11:07:03,86110,10,task-qcms,,22372004,BLIND,6594492,,complete,,,computer,Desktop or Laptop,Windows 10,Chrome 101.0.4951.67,1536x864,1536x714,Passed_Trials,AliceIntroVideos,9,NoSelfScoringInstruction,,Passed_Intro,,Passed_Trials,,Passed_Practice,AliceVideoWithoutCueSelection,,,BEGIN TASK,,,,,,,,,,0,1,0,,,,,,,,,
2,1654765814602,09/06/2022 09:10:14,1654765814838,2,09/06/2022 11:10:14,86110,10,task-qcms,,22372004,BLIND,6594492,,complete,,,computer,Desktop or Laptop,Windows 10,Chrome 101.0.4951.67,1536x864,1519x714,Passed_Trials,AliceIntroVideos,9,NoSelfScoringInstruction,,Passed_Intro,,Passed_Trials,,Passed_Practice,AliceVideoWithoutCueSelection,AliceVideoWithoutCueSelection,1,1,1,Video,Zone1,content_video,186682.69999992847,,,,,0,1,0,,,,,,AliceDelayedWithoutCueSelectionVideo,,,
3,1654765814698,09/06/2022 09:10:14,1654765814867,2,09/06/2022 11:10:14,86110,10,task-qcms,,22372004,BLIND,6594492,,complete,,,computer,Desktop or Laptop,Windows 10,Chrome 101.0.4951.67,1536x864,1519x714,Passed_Trials,AliceIntroVideos,9,NoSelfScoringInstruction,,Passed_Intro,,Passed_Trials,,Passed_Practice,AliceVideoWithoutCueSelection,,,END TASK,,,,,191034,,,,,0,1,0,,,,,,,,,
1,1654765598276,09/06/2022 09:06:38,1654765598178,2,09/06/2022 11:06:38,86110,10,task-qcms,,22371994,BLIND,6594495,,complete,,,computer,Desktop or Laptop,Windows 10,Firefox 101.0,1366x768,1366x615,Passed_Trials,AliceIntroVideos,9,NoSelfScoringInstruction,,Passed_Intro,,Passed_Trials,,Passed_Practice,AliceVideoWithoutCueSelection,,,BEGIN TASK,,,,,,,,,,0,1,0,,,,,,,,,
2,1654765801985,09/06/2022 09:10:01,1654765801784,2,09/06/2022 11:10:01,86110,10,task-qcms,,22371994,BLIND,6594495,,complete,,,computer,Desktop or Laptop,Windows 10,Firefox 101.0,1366x768,1366x615,Passed_Trials,AliceIntroVideos,9,NoSelfScoringInstruction,,Passed_Intro,,Passed_Trials,,Passed_Practice,AliceVideoWithoutCueSelection,AliceVideoWithoutCueSelection,1,1,1,Video,Zone1,content_video,202873,,,,,0,1,0,,,,,,AliceDelayedWithoutCueSelectionVideo,,,
3,1654765802074,09/06/2022 09:10:02,1654765801803,2,09/06/2022 11:10:01,86110,10,task-qcms,,22371994,BLIND,6594495,,complete,,,computer,Desktop or Laptop,Windows 10,Firefox 101.0,1366x768,1366x615,Passed_Trials,AliceIntroVideos,9,NoSelfScoringInstruction,,Passed_Intro,,Passed_Trials,,Passed_Practice,AliceVideoWithoutCueSelection,,,END TASK,,,,,203625,,,,,0,1,0,,,,,,,,,
1,1654765573898,09/06/2022 09:06:13,1654765574718,2,09/06/2022 11:06:14,86110,10,task-qcms,,22371985,BLIND,6594473,,complete,,,computer,Desktop or Laptop,Windows 10,Edge 102.0.1245.30,1280x720,1280x601,Passed_Trials,AliceIntroVideos,9,NoSelfScoringInstruction,,Passed_Intro,,Passed_Trials,,Passed_Practice,AliceVideoWithoutCueSelection,,,BEGIN TASK,,,,,,,,,,0,1,0,,,,,,,,,
2,1654765762512,09/06/2022 09:09:22,1654765763245,2,09/06/2022 11:09:23,86110,10,task-qcms,,22371985,BLIND,6594473,,complete,,,computer,Desktop or Laptop,Windows 10,Edge 102.0.1245.30,1280x720,1280x601,Passed_Trials,AliceIntroVideos,9,NoSelfScoringInstruction,,Passed_Intro,,Passed_Trials,,Passed_Practice,AliceVideoWithoutCueSelection,AliceVideoWithoutCueSelection,1,1,1,Video,Zone1,content_video,187531.30000001192,,,,,0,1,0,,,,,,AliceDelayedWithoutCueSelectionVideo,,,
3,1654765762619,09/06/2022 09:09:22,1654765763263,2,09/06/2022 11:09:23,86110,10,task-qcms,,22371985,BLIND,6594473,,complete,,,computer,Desktop or Laptop,Windows 10,Edge 102.0.1245.30,1280x720,1280x601,Passed_Trials,AliceIntroVideos,9,NoSelfScoringInstruction,,Passed_Intro,,Passed_Trials,,Passed_Practice,AliceVideoWithoutCueSelection,,,END TASK,,,,,188545,,,,,0,1,0,,,,,,,,,
1,1654765501159,09/06/2022 09:05:01,1654765502897,2,09/06/2022 11:05:02,86110,10,task-qcms,,22371952,BLIND,6594460,,complete,,,computer,Desktop or Laptop,Windows 10,Chrome 102.0.0.0,1280x720,1280x577,Passed_Trials,AliceIntroVideos,9,NoSelfScoringInstruction,,Passed_Intro,,Passed_Trials,,Passed_Practice,AliceVideoWithoutCueSelection,,,BEGIN TASK,,,,,,,,,,0,1,0,,,,,,,,,
2,1654765686871,09/06/2022 09:08:06,1654765688583,2,09/06/2022 11:08:08,86110,10,task-qcms,,22371952,BLIND,6594460,,complete,,,computer,Desktop or Laptop,Windows 10,Chrome 102.0.0.0,1280x720,1280x577,Passed_Trials,AliceIntroVideos,9,NoSelfScoringInstruction,,Passed_Intro,,Passed_Trials,,Passed_Practice,AliceVideoWithoutCueSelection,AliceVideoWithoutCueSelection,1,1,1,Video,Zone1,content_video,183764.29999999702,,,,,0,1,0,,,,,,AliceDelayedWithoutCueSelectionVideo,,,
3,1654765686935,09/06/2022 09:08:06,1654765688595,2,09/06/2022 11:08:08,86110,10,task-qcms,,22371952,BLIND,6594460,,complete,,,computer,Desktop or Laptop,Windows 10,Chrome 102.0.0.0,1280x720,1280x577,Passed_Trials,AliceIntroVideos,9,NoSelfScoringInstruction,,Passed_Intro,,Passed_Trials,,Passed_Practice,AliceVideoWithoutCueSelection,,,END TASK,,,,,185698,,,,,0,1,0,,,,,,,,,
1,1654765495998,09/06/2022 09:04:55,1654765489750,2,09/06/2022 11:04:49,86110,10,task-qcms,,22371948,BLIND,6594471,,complete,,,computer,Desktop or Laptop,Windows 10,Edge 102.0.1245.33,1536x864,1538x746,Passed_Trials,AliceIntroVideos,9,NoSelfScoringInstruction,,Passed_Intro,,Passed_Trials,,Passed_Practice,AliceVideoWithoutCueSelection,,,BEGIN TASK,,,,,,,,,,0,1,0,,,,,,,,,
2,1654765684515,09/06/2022 09:08:04,1654765677929,2,09/06/2022 11:07:57,86110,10,task-qcms,,22371948,BLIND,6594471,,complete,,,computer,Desktop or Laptop,Windows 10,Edge 102.0.1245.33,1536x864,1522x746,Passed_Trials,AliceIntroVideos,9,NoSelfScoringInstruction,,Passed_Intro,,Passed_Trials,,Passed_Practice,AliceVideoWithoutCueSelection,AliceVideoWithoutCueSelection,1,1,1,Video,Zone1,content_video,183751.39999985695,,,,,0,1,0,,,,,,AliceDelayedWithoutCueSelectionVideo,,,
3,1654765684712,09/06/2022 09:08:04,1654765677939,2,09/06/2022 11:07:57,86110,10,task-qcms,,22371948,BLIND,6594471,,complete,,,computer,Desktop or Laptop,Windows 10,Edge 102.0.1245.33,1536x864,1522x746,Passed_Trials,AliceIntroVideos,9,NoSelfScoringInstruction,,Passed_Intro,,Passed_Trials,,Passed_Practice,AliceVideoWithoutCueSelection,,,END TASK,,,,,188189,,,,,0,1,0,,,,,,,,,
1,1654765440651,09/06/2022 09:04:00,1654765440554,2,09/06/2022 11:04:00,86110,10,task-qcms,,22371930,BLIND,6594469,,complete,,,computer,Desktop or Laptop,Mac OS 10.15.7,Chrome 102.0.5005.61,1440x900,1440x789,Passed_Trials,AliceIntroVideos,9,NoSelfScoringInstruction,,Passed_Intro,,Passed_Trials,,Passed_Practice,AliceVideoWithoutCueSelection,,,BEGIN TASK,,,,,,,,,,0,1,0,,,,,,,,,
2,1654765625460,09/06/2022 09:07:05,1654765625347,2,09/06/2022 11:07:05,86110,10,task-qcms,,22371930,BLIND,6594469,,complete,,,computer,Desktop or Laptop,Mac OS 10.15.7,Chrome 102.0.5005.61,1440x900,1440x789,Passed_Trials,AliceIntroVideos,9,NoSelfScoringInstruction,,Passed_Intro,,Passed_Trials,,Passed_Practice,AliceVideoWithoutCueSelection,AliceVideoWithoutCueSelection,1,1,1,Video,Zone1,content_video,184207.7999999998,,,,,0,1,0,,,,,,AliceDelayedWithoutCueSelectionVideo,,,
3,1654765625578,09/06/2022 09:07:05,1654765625350,2,09/06/2022 11:07:05,86110,10,task-qcms,,22371930,BLIND,6594469,,complete,,,computer,Desktop or Laptop,Mac OS 10.15.7,Chrome 102.0.5005.61,1440x900,1440x789,Passed_Trials,AliceIntroVideos,9,NoSelfScoringInstruction,,Passed_Intro,,Passed_Trials,,Passed_Practice,AliceVideoWithoutCueSelection,,,END TASK,,,,,184796,,,,,0,1,0,,,,,,,,,
1,1654678871580,08/06/2022 09:01:11,1654678873987,2,08/06/2022 11:01:13,86110,10,task-qcms,,22353083,BLIND,6588701,,complete,,,computer,Desktop or Laptop,Windows 10,Chrome 102.0.5005.63,1280x720,1280x601,Passed_Trials,AliceIntroVideos,9,NoSelfScoringInstruction,,Passed_Intro,,Passed_Trials,,Passed_Practice,AliceVideoWithoutCueSelection,,,BEGIN TASK,,,,,,,,,,0,1,0,,,,,,,,,
2,1654679055835,08/06/2022 09:04:15,1654679058202,2,08/06/2022 11:04:18,86110,10,task-qcms,,22353083,BLIND,6588701,,complete,,,computer,Desktop or Laptop,Windows 10,Chrome 102.0.5005.63,1280x720,1280x601,Passed_Trials,AliceIntroVideos,9,NoSelfScoringInstruction,,Passed_Intro,,Passed_Trials,,Passed_Practice,AliceVideoWithoutCueSelection,AliceVideoWithoutCueSelection,1,1,1,Video,Zone1,content_video,183747.80000001192,,,,,0,1,0,,,,,,AliceDelayedWithoutCueSelectionVideo,,,
3,1654679055936,08/06/2022 09:04:15,1654679058211,2,08/06/2022 11:04:18,86110,10,task-qcms,,22353083,BLIND,6588701,,complete,,,computer,Desktop or Laptop,Windows 10,Chrome 102.0.5005.63,1280x720,1280x601,Passed_Trials,AliceIntroVideos,9,NoSelfScoringInstruction,,Passed_Intro,,Passed_Trials,,Passed_Practice,AliceVideoWithoutCueSelection,,,END TASK,,,,,184225,,,,,0,1,0,,,,,,,,,
1,1654678836944,08/06/2022 09:00:36,1654678839241,2,08/06/2022 11:00:39,86110,10,task-qcms,,22353062,BLIND,6588694,,complete,,,computer,Desktop or Laptop,Windows 10,Chrome 102.0.5005.63,1280x854,1280x703,Passed_Trials,AliceIntroVideos,9,NoSelfScoringInstruction,,Passed_Intro,,Passed_Trials,,Passed_Practice,AliceVideoWithoutCueSelection,,,BEGIN TASK,,,,,,,,,,0,1,0,,,,,,,,,
2,1654679022000,08/06/2022 09:03:42,1654679024301,2,08/06/2022 11:03:44,86110,10,task-qcms,,22353062,BLIND,6588694,,complete,,,computer,Desktop or Laptop,Windows 10,Chrome 102.0.5005.63,1280x854,1280x703,Passed_Trials,AliceIntroVideos,9,NoSelfScoringInstruction,,Passed_Intro,,Passed_Trials,,Passed_Practice,AliceVideoWithoutCueSelection,AliceVideoWithoutCueSelection,1,1,1,Video,Zone1,content_video,184347.09999990463,,,,,0,1,0,,,,,,AliceDelayedWithoutCueSelectionVideo,,,
3,1654679022069,08/06/2022 09:03:42,1654679024330,2,08/06/2022 11:03:44,86110,10,task-qcms,,22353062,BLIND,6588694,,complete,,,computer,Desktop or Laptop,Windows 10,Chrome 102.0.5005.63,1280x854,1280x703,Passed_Trials,AliceIntroVideos,9,NoSelfScoringInstruction,,Passed_Intro,,Passed_Trials,,Passed_Practice,AliceVideoWithoutCueSelection,,,END TASK,,,,,185089,,,,,0,1,0,,,,,,,,,
1,1654678834737,08/06/2022 09:00:34,1654678840050,2,08/06/2022 11:00:40,86110,10,task-qcms,,22353061,BLIND,6588695,,complete,,,computer,Desktop or Laptop,Windows 10,Chrome 102.0.5005.63,1366x768,1366x657,Passed_Trials,AliceIntroVideos,9,NoSelfScoringInstruction,,Passed_Intro,,Passed_Trials,,Passed_Practice,AliceVideoWithoutCueSelection,,,BEGIN TASK,,,,,,,,,,0,1,0,,,,,,,,,
2,1654679019922,08/06/2022 09:03:39,1654679025208,2,08/06/2022 11:03:45,86110,10,task-qcms,,22353061,BLIND,6588695,,complete,,,computer,Desktop or Laptop,Windows 10,Chrome 102.0.5005.63,1366x768,1366x657,Passed_Trials,AliceIntroVideos,9,NoSelfScoringInstruction,,Passed_Intro,,Passed_Trials,,Passed_Practice,AliceVideoWithoutCueSelection,AliceVideoWithoutCueSelection,1,1,1,Video,Zone1,content_video,184034.69999992847,,,,,0,1,0,,,,,,AliceDelayedWithoutCueSelectionVideo,,,
3,1654679020021,08/06/2022 09:03:40,1654679025220,2,08/06/2022 11:03:45,86110,10,task-qcms,,22353061,BLIND,6588695,,complete,,,computer,Desktop or Laptop,Windows 10,Chrome 102.0.5005.63,1366x768,1366x657,Passed_Trials,AliceIntroVideos,9,NoSelfScoringInstruction,,Passed_Intro,,Passed_Trials,,Passed_Practice,AliceVideoWithoutCueSelection,,,END TASK,,,,,185170,,,,,0,1,0,,,,,,,,,
1,1654678819611,08/06/2022 09:00:19,1654678821232,2,08/06/2022 11:00:21,86110,10,task-qcms,,22353052,BLIND,6588706,,complete,,,computer,Desktop or Laptop,Windows 10,Chrome 102.0.0.0,1366x768,1366x657,Passed_Trials,AliceIntroVideos,9,NoSelfScoringInstruction,,Passed_Intro,,Passed_Trials,,Passed_Practice,AliceVideoWithoutCueSelection,,,BEGIN TASK,,,,,,,,,,0,1,0,,,,,,,,,
2,1654679004981,08/06/2022 09:03:24,1654679006584,2,08/06/2022 11:03:26,86110,10,task-qcms,,22353052,BLIND,6588706,,complete,,,computer,Desktop or Laptop,Windows 10,Chrome 102.0.0.0,1366x768,1366x657,Passed_Trials,AliceIntroVideos,9,NoSelfScoringInstruction,,Passed_Intro,,Passed_Trials,,Passed_Practice,AliceVideoWithoutCueSelection,AliceVideoWithoutCueSelection,1,1,1,Video,Zone1,content_video,183865.40000009537,,,,,0,1,0,,,,,,AliceDelayedWithoutCueSelectionVideo,,,
3,1654679005070,08/06/2022 09:03:25,1654679006595,2,08/06/2022 11:03:26,86110,10,task-qcms,,22353052,BLIND,6588706,,complete,,,computer,Desktop or Laptop,Windows 10,Chrome 102.0.0.0,1366x768,1366x657,Passed_Trials,AliceIntroVideos,9,NoSelfScoringInstruction,,Passed_Intro,,Passed_Trials,,Passed_Practice,AliceVideoWithoutCueSelection,,,END TASK,,,,,185363,,,,,0,1,0,,,,,,,,,
1,1654678805411,08/06/2022 09:00:05,1654678812463,2,08/06/2022 11:00:12,86110,10,task-qcms,,22353046,BLIND,6588700,,complete,,,computer,Desktop or Laptop,Windows 10,Edge 102.0.1245.33,1280x720,1232x609,Passed_Trials,AliceIntroVideos,9,NoSelfScoringInstruction,,Passed_Intro,,Passed_Trials,,Passed_Practice,AliceVideoWithoutCueSelection,,,BEGIN TASK,,,,,,,,,,0,1,0,,,,,,,,,
2,1654678989876,08/06/2022 09:03:09,1654678996922,2,08/06/2022 11:03:16,86110,10,task-qcms,,22353046,BLIND,6588700,,complete,,,computer,Desktop or Laptop,Windows 10,Edge 102.0.1245.33,1280x720,1232x609,Passed_Trials,AliceIntroVideos,9,NoSelfScoringInstruction,,Passed_Intro,,Passed_Trials,,Passed_Practice,AliceVideoWithoutCueSelection,AliceVideoWithoutCueSelection,1,1,1,Video,Zone1,content_video,183795.29999995232,,,,,0,1,0,,,,,,AliceDelayedWithoutCueSelectionVideo,,,
3,1654678989943,08/06/2022 09:03:09,1654678996935,2,08/06/2022 11:03:16,86110,10,task-qcms,,22353046,BLIND,6588700,,complete,,,computer,Desktop or Laptop,Windows 10,Edge 102.0.1245.33,1280x720,1232x609,Passed_Trials,AliceIntroVideos,9,NoSelfScoringInstruction,,Passed_Intro,,Passed_Trials,,Passed_Practice,AliceVideoWithoutCueSelection,,,END TASK,,,,,184472,,,,,0,1,0,,,,,,,,,
1,1654678756282,08/06/2022 08:59:16,1654678785072,2,08/06/2022 10:59:45,86110,10,task-qcms,,22353028,BLIND,6588692,,complete,,,computer,Desktop or Laptop,Windows 10,Chrome 102.0.5005.63,1366x768,1366x625,Passed_Trials,AliceIntroVideos,9,NoSelfScoringInstruction,,Passed_Intro,,Passed_Trials,,Passed_Practice,AliceVideoWithoutCueSelection,,,BEGIN TASK,,,,,,,,,,0,1,0,,,,,,,,,
2,1654678941905,08/06/2022 09:02:21,1654678970694,2,08/06/2022 11:02:50,86110,10,task-qcms,,22353028,BLIND,6588692,,complete,,,computer,Desktop or Laptop,Windows 10,Chrome 102.0.5005.63,1366x768,1366x625,Passed_Trials,AliceIntroVideos,9,NoSelfScoringInstruction,,Passed_Intro,,Passed_Trials,,Passed_Practice,AliceVideoWithoutCueSelection,AliceVideoWithoutCueSelection,1,1,1,Video,Zone1,content_video,184022.7000002861,,,,,0,1,0,,,,,,AliceDelayedWithoutCueSelectionVideo,,,
3,1654678941991,08/06/2022 09:02:21,1654678970703,2,08/06/2022 11:02:50,86110,10,task-qcms,,22353028,BLIND,6588692,,complete,,,computer,Desktop or Laptop,Windows 10,Chrome 102.0.5005.63,1366x768,1366x625,Passed_Trials,AliceIntroVideos,9,NoSelfScoringInstruction,,Passed_Intro,,Passed_Trials,,Passed_Practice,AliceVideoWithoutCueSelection,,,END TASK,,,,,185631,,,,,0,1,0,,,,,,,,,
1,1654592709515,07/06/2022 09:05:09,1654592708944,2,07/06/2022 11:05:08,86110,10,task-qcms,,22325725,BLIND,6581354,,complete,,,computer,Desktop or Laptop,Mac OS 10.15,Firefox 100.0,1440x900,1440x787,Passed_Trials,AliceIntroVideos,9,NoSelfScoringInstruction,,Passed_Intro,,Passed_Trials,,Passed_Practice,AliceVideoWithoutCueSelection,,,BEGIN TASK,,,,,,,,,,0,1,0,,,,,,,,,
2,1654592898303,07/06/2022 09:08:18,1654592897609,2,07/06/2022 11:08:17,86110,10,task-qcms,,22325725,BLIND,6581354,,complete,,,computer,Desktop or Laptop,Mac OS 10.15,Firefox 100.0,1440x900,1440x787,Passed_Trials,AliceIntroVideos,9,NoSelfScoringInstruction,,Passed_Intro,,Passed_Trials,,Passed_Practice,AliceVideoWithoutCueSelection,AliceVideoWithoutCueSelection,1,1,1,Video,Zone1,content_video,186757,,,,,0,1,0,,,,,,AliceDelayedWithoutCueSelectionVideo,,,
3,1654592898415,07/06/2022 09:08:18,1654592897614,2,07/06/2022 11:08:17,86110,10,task-qcms,,22325725,BLIND,6581354,,complete,,,computer,Desktop or Laptop,Mac OS 10.15,Firefox 100.0,1440x900,1440x787,Passed_Trials,AliceIntroVideos,9,NoSelfScoringInstruction,,Passed_Intro,,Passed_Trials,,Passed_Practice,AliceVideoWithoutCueSelection,,,END TASK,,,,,188670,,,,,0,1,0,,,,,,,,,
1,1654592313505,07/06/2022 08:58:33,1654592313423,2,07/06/2022 10:58:33,86110,10,task-qcms,,22325578,BLIND,6581324,,complete,,,computer,Desktop or Laptop,Windows 10,Chrome 102.0.5005.63,1366x768,1366x667,Passed_Trials,AliceIntroVideos,9,NoSelfScoringInstruction,,Passed_Intro,,Passed_Trials,,Passed_Practice,AliceVideoWithoutCueSelection,,,BEGIN TASK,,,,,,,,,,0,1,0,,,,,,,,,
2,1654592498527,07/06/2022 09:01:38,1654592498402,2,07/06/2022 11:01:38,86110,10,task-qcms,,22325578,BLIND,6581324,,complete,,,computer,Desktop or Laptop,Windows 10,Chrome 102.0.5005.63,1366x768,1366x667,Passed_Trials,AliceIntroVideos,9,NoSelfScoringInstruction,,Passed_Intro,,Passed_Trials,,Passed_Practice,AliceVideoWithoutCueSelection,AliceVideoWithoutCueSelection,1,1,1,Video,Zone1,content_video,183980.40000009537,,,,,0,1,0,,,,,,AliceDelayedWithoutCueSelectionVideo,,,
3,1654592498654,07/06/2022 09:01:38,1654592498429,2,07/06/2022 11:01:38,86110,10,task-qcms,,22325578,BLIND,6581324,,complete,,,computer,Desktop or Laptop,Windows 10,Chrome 102.0.5005.63,1366x768,1366x667,Passed_Trials,AliceIntroVideos,9,NoSelfScoringInstruction,,Passed_Intro,,Passed_Trials,,Passed_Practice,AliceVideoWithoutCueSelection,,,END TASK,,,,,185007,,,,,0,1,0,,,,,,,,,
1,1654592305124,07/06/2022 08:58:25,1654592301407,2,07/06/2022 10:58:21,86110,10,task-qcms,,22325575,BLIND,6581306,,complete,,,computer,Desktop or Laptop,Windows 10,Chrome 102.0.0.0,1920x1080,1920x929,Passed_Trials,AliceIntroVideos,9,NoSelfScoringInstruction,,Passed_Intro,,Passed_Trials,,Passed_Practice,AliceVideoWithoutCueSelection,,,BEGIN TASK,,,,,,,,,,0,1,0,,,,,,,,,
2,1654592489634,07/06/2022 09:01:29,1654592485881,2,07/06/2022 11:01:25,86110,10,task-qcms,,22325575,BLIND,6581306,,complete,,,computer,Desktop or Laptop,Windows 10,Chrome 102.0.0.0,1920x1080,1920x929,Passed_Trials,AliceIntroVideos,9,NoSelfScoringInstruction,,Passed_Intro,,Passed_Trials,,Passed_Practice,AliceVideoWithoutCueSelection,AliceVideoWithoutCueSelection,1,1,1,Video,Zone1,content_video,183769.29999995232,,,,,0,1,0,,,,,,AliceDelayedWithoutCueSelectionVideo,,,
3,1654592489750,07/06/2022 09:01:29,1654592485903,2,07/06/2022 11:01:25,86110,10,task-qcms,,22325575,BLIND,6581306,,complete,,,computer,Desktop or Laptop,Windows 10,Chrome 102.0.0.0,1920x1080,1920x929,Passed_Trials,AliceIntroVideos,9,NoSelfScoringInstruction,,Passed_Intro,,Passed_Trials,,Passed_Practice,AliceVideoWithoutCueSelection,,,END TASK,,,,,184496,,,,,0,1,0,,,,,,,,,
1,1654253502769,03/06/2022 10:51:42,1654253514585,2,03/06/2022 12:51:54,86110,10,task-qcms,,22261433,BLIND,6563294,,complete,,,computer,Desktop or Laptop,Windows 10,Chrome 102.0.5005.63,1366x768,1366x657,Passed_Trials,AliceIntroVideos,9,NoSelfScoringInstruction,,Passed_Intro,,Passed_Trials,,Passed_Practice,AliceVideoWithoutCueSelection,,,BEGIN TASK,,,,,,,,,,0,1,0,,,,,,,,,
2,1654253688526,03/06/2022 10:54:48,1654253700329,2,03/06/2022 12:55:00,86110,10,task-qcms,,22261433,BLIND,6563294,,complete,,,computer,Desktop or Laptop,Windows 10,Chrome 102.0.5005.63,1366x768,1366x657,Passed_Trials,AliceIntroVideos,9,NoSelfScoringInstruction,,Passed_Intro,,Passed_Trials,,Passed_Practice,AliceVideoWithoutCueSelection,AliceVideoWithoutCueSelection,1,1,1,Video,Zone1,content_video,184040.5,,,,,0,1,0,,,,,,AliceDelayedWithoutCueSelectionVideo,,,
3,1654253688608,03/06/2022 10:54:48,1654253700340,2,03/06/2022 12:55:00,86110,10,task-qcms,,22261433,BLIND,6563294,,complete,,,computer,Desktop or Laptop,Windows 10,Chrome 102.0.5005.63,1366x768,1366x657,Passed_Trials,AliceIntroVideos,9,NoSelfScoringInstruction,,Passed_Intro,,Passed_Trials,,Passed_Practice,AliceVideoWithoutCueSelection,,,END TASK,,,,,185755,,,,,0,1,0,,,,,,,,,
1,1654253442522,03/06/2022 10:50:42,1654253444110,2,03/06/2022 12:50:44,86110,10,task-qcms,,22261413,BLIND,6563275,,complete,,,computer,Desktop or Laptop,Windows 10,Chrome 102.0.0.0,1366x768,1366x695,Passed_Trials,AliceIntroVideos,9,NoSelfScoringInstruction,,Passed_Intro,,Passed_Trials,,Passed_Practice,AliceVideoWithoutCueSelection,,,BEGIN TASK,,,,,,,,,,0,1,0,,,,,,,,,
2,1654253628270,03/06/2022 10:53:48,1654253629824,2,03/06/2022 12:53:49,86110,10,task-qcms,,22261413,BLIND,6563275,,complete,,,computer,Desktop or Laptop,Windows 10,Chrome 102.0.0.0,1366x768,1366x695,Passed_Trials,AliceIntroVideos,9,NoSelfScoringInstruction,,Passed_Intro,,Passed_Trials,,Passed_Practice,AliceVideoWithoutCueSelection,AliceVideoWithoutCueSelection,1,1,1,Video,Zone1,content_video,184124.69999980927,,,,,0,1,0,,,,,,AliceDelayedWithoutCueSelectionVideo,,,
3,1654253628346,03/06/2022 10:53:48,1654253629836,2,03/06/2022 12:53:49,86110,10,task-qcms,,22261413,BLIND,6563275,,complete,,,computer,Desktop or Laptop,Windows 10,Chrome 102.0.0.0,1366x768,1366x695,Passed_Trials,AliceIntroVideos,9,NoSelfScoringInstruction,,Passed_Intro,,Passed_Trials,,Passed_Practice,AliceVideoWithoutCueSelection,,,END TASK,,,,,185727,,,,,0,1,0,,,,,,,,,
END OF FILE
